qualified_group_set,target_match_number,third_place_group_code
ABCDEFGH,74,C
ABCDEFGH,77,F
ABCDEFGH,79,H
ABCDEFGH,80,E
ABCDEFGH,81,B
ABCDEFGH,82,A
ABCDEFGH,85,G
ABCDEFGH,87,D
ABCDEFGI,74,D
ABCDEFGI,77,F
ABCDEFGI,79,C
ABCDEFGI,80,I
ABCDEFGI,81,B
ABCDEFGI,82,A
ABCDEFGI,85,G
ABCDEFGI,87,E
ABCDEFGJ,74,D
ABCDEFGJ,77,F
ABCDEFGJ,79,C
ABCDEFGJ,80,J
ABCDEFGJ,81,B
ABCDEFGJ,82,A
ABCDEFGJ,85,G
ABCDEFGJ,87,E
ABCDEFGK,74,D
ABCDEFGK,77,F
ABCDEFGK,79,C
ABCDEFGK,80,K
ABCDEFGK,81,B
ABCDEFGK,82,A
ABCDEFGK,85,G
ABCDEFGK,87,E
ABCDEFGL,74,D
ABCDEFGL,77,F
ABCDEFGL,79,C
ABCDEFGL,80,E
ABCDEFGL,81,B
ABCDEFGL,82,A
ABCDEFGL,85,G
ABCDEFGL,87,L
ABCDEFHI,74,C
ABCDEFHI,77,F
ABCDEFHI,79,H
ABCDEFHI,80,I
ABCDEFHI,81,B
ABCDEFHI,82,A
ABCDEFHI,85,E
ABCDEFHI,87,D
ABCDEFHJ,74,C
ABCDEFHJ,77,F
ABCDEFHJ,79,H
ABCDEFHJ,80,E
ABCDEFHJ,81,B
ABCDEFHJ,82,A
ABCDEFHJ,85,J
ABCDEFHJ,87,D
ABCDEFHK,74,C
ABCDEFHK,77,F
ABCDEFHK,79,H
ABCDEFHK,80,K
ABCDEFHK,81,B
ABCDEFHK,82,A
ABCDEFHK,85,E
ABCDEFHK,87,D
ABCDEFHL,74,C
ABCDEFHL,77,D
ABCDEFHL,79,H
ABCDEFHL,80,E
ABCDEFHL,81,B
ABCDEFHL,82,A
ABCDEFHL,85,F
ABCDEFHL,87,L
ABCDEFIJ,74,D
ABCDEFIJ,77,F
ABCDEFIJ,79,C
ABCDEFIJ,80,I
ABCDEFIJ,81,B
ABCDEFIJ,82,A
ABCDEFIJ,85,J
ABCDEFIJ,87,E
ABCDEFIK,74,D
ABCDEFIK,77,F
ABCDEFIK,79,C
ABCDEFIK,80,K
ABCDEFIK,81,B
ABCDEFIK,82,A
ABCDEFIK,85,E
ABCDEFIK,87,I
ABCDEFIL,74,D
ABCDEFIL,77,F
ABCDEFIL,79,C
ABCDEFIL,80,I
ABCDEFIL,81,B
ABCDEFIL,82,A
ABCDEFIL,85,E
ABCDEFIL,87,L
ABCDEFJK,74,D
ABCDEFJK,77,F
ABCDEFJK,79,C
ABCDEFJK,80,K
ABCDEFJK,81,B
ABCDEFJK,82,A
ABCDEFJK,85,J
ABCDEFJK,87,E
ABCDEFJL,74,D
ABCDEFJL,77,F
ABCDEFJL,79,C
ABCDEFJL,80,E
ABCDEFJL,81,B
ABCDEFJL,82,A
ABCDEFJL,85,J
ABCDEFJL,87,L
ABCDEFKL,74,D
ABCDEFKL,77,F
ABCDEFKL,79,C
ABCDEFKL,80,K
ABCDEFKL,81,B
ABCDEFKL,82,A
ABCDEFKL,85,E
ABCDEFKL,87,L
ABCDEGHI,74,C
ABCDEGHI,77,D
ABCDEGHI,79,H
ABCDEGHI,80,I
ABCDEGHI,81,B
ABCDEGHI,82,A
ABCDEGHI,85,G
ABCDEGHI,87,E
ABCDEGHJ,74,C
ABCDEGHJ,77,D
ABCDEGHJ,79,H
ABCDEGHJ,80,J
ABCDEGHJ,81,B
ABCDEGHJ,82,A
ABCDEGHJ,85,G
ABCDEGHJ,87,E
ABCDEGHK,74,C
ABCDEGHK,77,D
ABCDEGHK,79,H
ABCDEGHK,80,K
ABCDEGHK,81,B
ABCDEGHK,82,A
ABCDEGHK,85,G
ABCDEGHK,87,E
ABCDEGHL,74,C
ABCDEGHL,77,D
ABCDEGHL,79,H
ABCDEGHL,80,E
ABCDEGHL,81,B
ABCDEGHL,82,A
ABCDEGHL,85,G
ABCDEGHL,87,L
ABCDEGIJ,74,C
ABCDEGIJ,77,D
ABCDEGIJ,79,E
ABCDEGIJ,80,J
ABCDEGIJ,81,B
ABCDEGIJ,82,A
ABCDEGIJ,85,G
ABCDEGIJ,87,I
ABCDEGIK,74,C
ABCDEGIK,77,D
ABCDEGIK,79,E
ABCDEGIK,80,K
ABCDEGIK,81,B
ABCDEGIK,82,A
ABCDEGIK,85,G
ABCDEGIK,87,I
ABCDEGIL,74,C
ABCDEGIL,77,D
ABCDEGIL,79,E
ABCDEGIL,80,I
ABCDEGIL,81,B
ABCDEGIL,82,A
ABCDEGIL,85,G
ABCDEGIL,87,L
ABCDEGJK,74,C
ABCDEGJK,77,D
ABCDEGJK,79,E
ABCDEGJK,80,K
ABCDEGJK,81,B
ABCDEGJK,82,A
ABCDEGJK,85,G
ABCDEGJK,87,J
ABCDEGJL,74,C
ABCDEGJL,77,D
ABCDEGJL,79,E
ABCDEGJL,80,J
ABCDEGJL,81,B
ABCDEGJL,82,A
ABCDEGJL,85,G
ABCDEGJL,87,L
ABCDEGKL,74,C
ABCDEGKL,77,D
ABCDEGKL,79,E
ABCDEGKL,80,K
ABCDEGKL,81,B
ABCDEGKL,82,A
ABCDEGKL,85,G
ABCDEGKL,87,L
ABCDEHIJ,74,C
ABCDEHIJ,77,D
ABCDEHIJ,79,H
ABCDEHIJ,80,I
ABCDEHIJ,81,B
ABCDEHIJ,82,A
ABCDEHIJ,85,J
ABCDEHIJ,87,E
ABCDEHIK,74,C
ABCDEHIK,77,D
ABCDEHIK,79,H
ABCDEHIK,80,K
ABCDEHIK,81,B
ABCDEHIK,82,A
ABCDEHIK,85,E
ABCDEHIK,87,I
ABCDEHIL,74,C
ABCDEHIL,77,D
ABCDEHIL,79,H
ABCDEHIL,80,I
ABCDEHIL,81,B
ABCDEHIL,82,A
ABCDEHIL,85,E
ABCDEHIL,87,L
ABCDEHJK,74,C
ABCDEHJK,77,D
ABCDEHJK,79,H
ABCDEHJK,80,K
ABCDEHJK,81,B
ABCDEHJK,82,A
ABCDEHJK,85,J
ABCDEHJK,87,E
ABCDEHJL,74,C
ABCDEHJL,77,D
ABCDEHJL,79,H
ABCDEHJL,80,E
ABCDEHJL,81,B
ABCDEHJL,82,A
ABCDEHJL,85,J
ABCDEHJL,87,L
ABCDEHKL,74,C
ABCDEHKL,77,D
ABCDEHKL,79,H
ABCDEHKL,80,K
ABCDEHKL,81,B
ABCDEHKL,82,A
ABCDEHKL,85,E
ABCDEHKL,87,L
ABCDEIJK,74,C
ABCDEIJK,77,D
ABCDEIJK,79,E
ABCDEIJK,80,K
ABCDEIJK,81,B
ABCDEIJK,82,A
ABCDEIJK,85,J
ABCDEIJK,87,I
ABCDEIJL,74,C
ABCDEIJL,77,D
ABCDEIJL,79,E
ABCDEIJL,80,I
ABCDEIJL,81,B
ABCDEIJL,82,A
ABCDEIJL,85,J
ABCDEIJL,87,L
ABCDEIKL,74,C
ABCDEIKL,77,D
ABCDEIKL,79,E
ABCDEIKL,80,K
ABCDEIKL,81,B
ABCDEIKL,82,A
ABCDEIKL,85,I
ABCDEIKL,87,L
ABCDEJKL,74,C
ABCDEJKL,77,D
ABCDEJKL,79,E
ABCDEJKL,80,K
ABCDEJKL,81,B
ABCDEJKL,82,A
ABCDEJKL,85,J
ABCDEJKL,87,L
ABCDFGHI,74,C
ABCDFGHI,77,F
ABCDFGHI,79,H
ABCDFGHI,80,I
ABCDFGHI,81,B
ABCDFGHI,82,A
ABCDFGHI,85,G
ABCDFGHI,87,D
ABCDFGHJ,74,C
ABCDFGHJ,77,F
ABCDFGHJ,79,H
ABCDFGHJ,80,J
ABCDFGHJ,81,B
ABCDFGHJ,82,A
ABCDFGHJ,85,G
ABCDFGHJ,87,D
ABCDFGHK,74,C
ABCDFGHK,77,F
ABCDFGHK,79,H
ABCDFGHK,80,K
ABCDFGHK,81,B
ABCDFGHK,82,A
ABCDFGHK,85,G
ABCDFGHK,87,D
ABCDFGHL,74,D
ABCDFGHL,77,F
ABCDFGHL,79,C
ABCDFGHL,80,H
ABCDFGHL,81,B
ABCDFGHL,82,A
ABCDFGHL,85,G
ABCDFGHL,87,L
ABCDFGIJ,74,D
ABCDFGIJ,77,F
ABCDFGIJ,79,C
ABCDFGIJ,80,J
ABCDFGIJ,81,B
ABCDFGIJ,82,A
ABCDFGIJ,85,G
ABCDFGIJ,87,I
ABCDFGIK,74,D
ABCDFGIK,77,F
ABCDFGIK,79,C
ABCDFGIK,80,K
ABCDFGIK,81,B
ABCDFGIK,82,A
ABCDFGIK,85,G
ABCDFGIK,87,I
ABCDFGIL,74,D
ABCDFGIL,77,F
ABCDFGIL,79,C
ABCDFGIL,80,I
ABCDFGIL,81,B
ABCDFGIL,82,A
ABCDFGIL,85,G
ABCDFGIL,87,L
ABCDFGJK,74,D
ABCDFGJK,77,F
ABCDFGJK,79,C
ABCDFGJK,80,K
ABCDFGJK,81,B
ABCDFGJK,82,A
ABCDFGJK,85,G
ABCDFGJK,87,J
ABCDFGJL,74,D
ABCDFGJL,77,F
ABCDFGJL,79,C
ABCDFGJL,80,J
ABCDFGJL,81,B
ABCDFGJL,82,A
ABCDFGJL,85,G
ABCDFGJL,87,L
ABCDFGKL,74,D
ABCDFGKL,77,F
ABCDFGKL,79,C
ABCDFGKL,80,K
ABCDFGKL,81,B
ABCDFGKL,82,A
ABCDFGKL,85,G
ABCDFGKL,87,L
ABCDFHIJ,74,C
ABCDFHIJ,77,F
ABCDFHIJ,79,H
ABCDFHIJ,80,I
ABCDFHIJ,81,B
ABCDFHIJ,82,A
ABCDFHIJ,85,J
ABCDFHIJ,87,D
ABCDFHIK,74,C
ABCDFHIK,77,D
ABCDFHIK,79,H
ABCDFHIK,80,K
ABCDFHIK,81,B
ABCDFHIK,82,A
ABCDFHIK,85,F
ABCDFHIK,87,I
ABCDFHIL,74,C
ABCDFHIL,77,D
ABCDFHIL,79,H
ABCDFHIL,80,I
ABCDFHIL,81,B
ABCDFHIL,82,A
ABCDFHIL,85,F
ABCDFHIL,87,L
ABCDFHJK,74,C
ABCDFHJK,77,F
ABCDFHJK,79,H
ABCDFHJK,80,K
ABCDFHJK,81,B
ABCDFHJK,82,A
ABCDFHJK,85,J
ABCDFHJK,87,D
ABCDFHJL,74,D
ABCDFHJL,77,F
ABCDFHJL,79,C
ABCDFHJL,80,H
ABCDFHJL,81,B
ABCDFHJL,82,A
ABCDFHJL,85,J
ABCDFHJL,87,L
ABCDFHKL,74,C
ABCDFHKL,77,D
ABCDFHKL,79,H
ABCDFHKL,80,K
ABCDFHKL,81,B
ABCDFHKL,82,A
ABCDFHKL,85,F
ABCDFHKL,87,L
ABCDFIJK,74,D
ABCDFIJK,77,F
ABCDFIJK,79,C
ABCDFIJK,80,K
ABCDFIJK,81,B
ABCDFIJK,82,A
ABCDFIJK,85,J
ABCDFIJK,87,I
ABCDFIJL,74,D
ABCDFIJL,77,F
ABCDFIJL,79,C
ABCDFIJL,80,I
ABCDFIJL,81,B
ABCDFIJL,82,A
ABCDFIJL,85,J
ABCDFIJL,87,L
ABCDFIKL,74,D
ABCDFIKL,77,F
ABCDFIKL,79,C
ABCDFIKL,80,K
ABCDFIKL,81,B
ABCDFIKL,82,A
ABCDFIKL,85,I
ABCDFIKL,87,L
ABCDFJKL,74,D
ABCDFJKL,77,F
ABCDFJKL,79,C
ABCDFJKL,80,K
ABCDFJKL,81,B
ABCDFJKL,82,A
ABCDFJKL,85,J
ABCDFJKL,87,L
ABCDGHIJ,74,C
ABCDGHIJ,77,D
ABCDGHIJ,79,H
ABCDGHIJ,80,J
ABCDGHIJ,81,B
ABCDGHIJ,82,A
ABCDGHIJ,85,G
ABCDGHIJ,87,I
ABCDGHIK,74,C
ABCDGHIK,77,D
ABCDGHIK,79,H
ABCDGHIK,80,K
ABCDGHIK,81,B
ABCDGHIK,82,A
ABCDGHIK,85,G
ABCDGHIK,87,I
ABCDGHIL,74,C
ABCDGHIL,77,D
ABCDGHIL,79,H
ABCDGHIL,80,I
ABCDGHIL,81,B
ABCDGHIL,82,A
ABCDGHIL,85,G
ABCDGHIL,87,L
ABCDGHJK,74,C
ABCDGHJK,77,D
ABCDGHJK,79,H
ABCDGHJK,80,K
ABCDGHJK,81,B
ABCDGHJK,82,A
ABCDGHJK,85,G
ABCDGHJK,87,J
ABCDGHJL,74,C
ABCDGHJL,77,D
ABCDGHJL,79,H
ABCDGHJL,80,J
ABCDGHJL,81,B
ABCDGHJL,82,A
ABCDGHJL,85,G
ABCDGHJL,87,L
ABCDGHKL,74,C
ABCDGHKL,77,D
ABCDGHKL,79,H
ABCDGHKL,80,K
ABCDGHKL,81,B
ABCDGHKL,82,A
ABCDGHKL,85,G
ABCDGHKL,87,L
ABCDGIJK,74,D
ABCDGIJK,77,G
ABCDGIJK,79,C
ABCDGIJK,80,K
ABCDGIJK,81,B
ABCDGIJK,82,A
ABCDGIJK,85,J
ABCDGIJK,87,I
ABCDGIJL,74,D
ABCDGIJL,77,G
ABCDGIJL,79,C
ABCDGIJL,80,I
ABCDGIJL,81,B
ABCDGIJL,82,A
ABCDGIJL,85,J
ABCDGIJL,87,L
ABCDGIKL,74,C
ABCDGIKL,77,D
ABCDGIKL,79,I
ABCDGIKL,80,K
ABCDGIKL,81,B
ABCDGIKL,82,A
ABCDGIKL,85,G
ABCDGIKL,87,L
ABCDGJKL,74,D
ABCDGJKL,77,G
ABCDGJKL,79,C
ABCDGJKL,80,K
ABCDGJKL,81,B
ABCDGJKL,82,A
ABCDGJKL,85,J
ABCDGJKL,87,L
ABCDHIJK,74,C
ABCDHIJK,77,D
ABCDHIJK,79,H
ABCDHIJK,80,K
ABCDHIJK,81,B
ABCDHIJK,82,A
ABCDHIJK,85,J
ABCDHIJK,87,I
ABCDHIJL,74,C
ABCDHIJL,77,D
ABCDHIJL,79,H
ABCDHIJL,80,I
ABCDHIJL,81,B
ABCDHIJL,82,A
ABCDHIJL,85,J
ABCDHIJL,87,L
ABCDHIKL,74,C
ABCDHIKL,77,D
ABCDHIKL,79,H
ABCDHIKL,80,K
ABCDHIKL,81,B
ABCDHIKL,82,A
ABCDHIKL,85,I
ABCDHIKL,87,L
ABCDHJKL,74,C
ABCDHJKL,77,D
ABCDHJKL,79,H
ABCDHJKL,80,K
ABCDHJKL,81,B
ABCDHJKL,82,A
ABCDHJKL,85,J
ABCDHJKL,87,L
ABCDIJKL,74,C
ABCDIJKL,77,D
ABCDIJKL,79,I
ABCDIJKL,80,K
ABCDIJKL,81,B
ABCDIJKL,82,A
ABCDIJKL,85,J
ABCDIJKL,87,L
ABCEFGHI,74,C
ABCEFGHI,77,F
ABCEFGHI,79,H
ABCEFGHI,80,I
ABCEFGHI,81,B
ABCEFGHI,82,A
ABCEFGHI,85,G
ABCEFGHI,87,E
ABCEFGHJ,74,C
ABCEFGHJ,77,F
ABCEFGHJ,79,H
ABCEFGHJ,80,J
ABCEFGHJ,81,B
ABCEFGHJ,82,A
ABCEFGHJ,85,G
ABCEFGHJ,87,E
ABCEFGHK,74,C
ABCEFGHK,77,F
ABCEFGHK,79,H
ABCEFGHK,80,K
ABCEFGHK,81,B
ABCEFGHK,82,A
ABCEFGHK,85,G
ABCEFGHK,87,E
ABCEFGHL,74,C
ABCEFGHL,77,F
ABCEFGHL,79,H
ABCEFGHL,80,E
ABCEFGHL,81,B
ABCEFGHL,82,A
ABCEFGHL,85,G
ABCEFGHL,87,L
ABCEFGIJ,74,C
ABCEFGIJ,77,F
ABCEFGIJ,79,E
ABCEFGIJ,80,J
ABCEFGIJ,81,B
ABCEFGIJ,82,A
ABCEFGIJ,85,G
ABCEFGIJ,87,I
ABCEFGIK,74,C
ABCEFGIK,77,F
ABCEFGIK,79,E
ABCEFGIK,80,K
ABCEFGIK,81,B
ABCEFGIK,82,A
ABCEFGIK,85,G
ABCEFGIK,87,I
ABCEFGIL,74,C
ABCEFGIL,77,F
ABCEFGIL,79,E
ABCEFGIL,80,I
ABCEFGIL,81,B
ABCEFGIL,82,A
ABCEFGIL,85,G
ABCEFGIL,87,L
ABCEFGJK,74,C
ABCEFGJK,77,F
ABCEFGJK,79,E
ABCEFGJK,80,K
ABCEFGJK,81,B
ABCEFGJK,82,A
ABCEFGJK,85,G
ABCEFGJK,87,J
ABCEFGJL,74,C
ABCEFGJL,77,F
ABCEFGJL,79,E
ABCEFGJL,80,J
ABCEFGJL,81,B
ABCEFGJL,82,A
ABCEFGJL,85,G
ABCEFGJL,87,L
ABCEFGKL,74,C
ABCEFGKL,77,F
ABCEFGKL,79,E
ABCEFGKL,80,K
ABCEFGKL,81,B
ABCEFGKL,82,A
ABCEFGKL,85,G
ABCEFGKL,87,L
ABCEFHIJ,74,C
ABCEFHIJ,77,F
ABCEFHIJ,79,H
ABCEFHIJ,80,I
ABCEFHIJ,81,B
ABCEFHIJ,82,A
ABCEFHIJ,85,J
ABCEFHIJ,87,E
ABCEFHIK,74,C
ABCEFHIK,77,F
ABCEFHIK,79,H
ABCEFHIK,80,K
ABCEFHIK,81,B
ABCEFHIK,82,A
ABCEFHIK,85,E
ABCEFHIK,87,I
ABCEFHIL,74,C
ABCEFHIL,77,F
ABCEFHIL,79,H
ABCEFHIL,80,I
ABCEFHIL,81,B
ABCEFHIL,82,A
ABCEFHIL,85,E
ABCEFHIL,87,L
ABCEFHJK,74,C
ABCEFHJK,77,F
ABCEFHJK,79,H
ABCEFHJK,80,K
ABCEFHJK,81,B
ABCEFHJK,82,A
ABCEFHJK,85,J
ABCEFHJK,87,E
ABCEFHJL,74,C
ABCEFHJL,77,F
ABCEFHJL,79,H
ABCEFHJL,80,E
ABCEFHJL,81,B
ABCEFHJL,82,A
ABCEFHJL,85,J
ABCEFHJL,87,L
ABCEFHKL,74,C
ABCEFHKL,77,F
ABCEFHKL,79,H
ABCEFHKL,80,K
ABCEFHKL,81,B
ABCEFHKL,82,A
ABCEFHKL,85,E
ABCEFHKL,87,L
ABCEFIJK,74,C
ABCEFIJK,77,F
ABCEFIJK,79,E
ABCEFIJK,80,K
ABCEFIJK,81,B
ABCEFIJK,82,A
ABCEFIJK,85,J
ABCEFIJK,87,I
ABCEFIJL,74,C
ABCEFIJL,77,F
ABCEFIJL,79,E
ABCEFIJL,80,I
ABCEFIJL,81,B
ABCEFIJL,82,A
ABCEFIJL,85,J
ABCEFIJL,87,L
ABCEFIKL,74,C
ABCEFIKL,77,F
ABCEFIKL,79,E
ABCEFIKL,80,K
ABCEFIKL,81,B
ABCEFIKL,82,A
ABCEFIKL,85,I
ABCEFIKL,87,L
ABCEFJKL,74,C
ABCEFJKL,77,F
ABCEFJKL,79,E
ABCEFJKL,80,K
ABCEFJKL,81,B
ABCEFJKL,82,A
ABCEFJKL,85,J
ABCEFJKL,87,L
ABCEGHIJ,74,C
ABCEGHIJ,77,G
ABCEGHIJ,79,H
ABCEGHIJ,80,I
ABCEGHIJ,81,B
ABCEGHIJ,82,A
ABCEGHIJ,85,J
ABCEGHIJ,87,E
ABCEGHIK,74,C
ABCEGHIK,77,H
ABCEGHIK,79,E
ABCEGHIK,80,K
ABCEGHIK,81,B
ABCEGHIK,82,A
ABCEGHIK,85,G
ABCEGHIK,87,I
ABCEGHIL,74,C
ABCEGHIL,77,H
ABCEGHIL,79,E
ABCEGHIL,80,I
ABCEGHIL,81,B
ABCEGHIL,82,A
ABCEGHIL,85,G
ABCEGHIL,87,L
ABCEGHJK,74,C
ABCEGHJK,77,G
ABCEGHJK,79,H
ABCEGHJK,80,K
ABCEGHJK,81,B
ABCEGHJK,82,A
ABCEGHJK,85,J
ABCEGHJK,87,E
ABCEGHJL,74,C
ABCEGHJL,77,G
ABCEGHJL,79,H
ABCEGHJL,80,E
ABCEGHJL,81,B
ABCEGHJL,82,A
ABCEGHJL,85,J
ABCEGHJL,87,L
ABCEGHKL,74,C
ABCEGHKL,77,H
ABCEGHKL,79,E
ABCEGHKL,80,K
ABCEGHKL,81,B
ABCEGHKL,82,A
ABCEGHKL,85,G
ABCEGHKL,87,L
ABCEGIJK,74,C
ABCEGIJK,77,G
ABCEGIJK,79,E
ABCEGIJK,80,K
ABCEGIJK,81,B
ABCEGIJK,82,A
ABCEGIJK,85,J
ABCEGIJK,87,I
ABCEGIJL,74,C
ABCEGIJL,77,G
ABCEGIJL,79,E
ABCEGIJL,80,I
ABCEGIJL,81,B
ABCEGIJL,82,A
ABCEGIJL,85,J
ABCEGIJL,87,L
ABCEGIKL,74,A
ABCEGIKL,77,C
ABCEGIKL,79,E
ABCEGIKL,80,K
ABCEGIKL,81,B
ABCEGIKL,82,I
ABCEGIKL,85,G
ABCEGIKL,87,L
ABCEGJKL,74,C
ABCEGJKL,77,G
ABCEGJKL,79,E
ABCEGJKL,80,K
ABCEGJKL,81,B
ABCEGJKL,82,A
ABCEGJKL,85,J
ABCEGJKL,87,L
ABCEHIJK,74,C
ABCEHIJK,77,H
ABCEHIJK,79,E
ABCEHIJK,80,K
ABCEHIJK,81,B
ABCEHIJK,82,A
ABCEHIJK,85,J
ABCEHIJK,87,I
ABCEHIJL,74,C
ABCEHIJL,77,H
ABCEHIJL,79,E
ABCEHIJL,80,I
ABCEHIJL,81,B
ABCEHIJL,82,A
ABCEHIJL,85,J
ABCEHIJL,87,L
ABCEHIKL,74,C
ABCEHIKL,77,H
ABCEHIKL,79,E
ABCEHIKL,80,K
ABCEHIKL,81,B
ABCEHIKL,82,A
ABCEHIKL,85,I
ABCEHIKL,87,L
ABCEHJKL,74,C
ABCEHJKL,77,H
ABCEHJKL,79,E
ABCEHJKL,80,K
ABCEHJKL,81,B
ABCEHJKL,82,A
ABCEHJKL,85,J
ABCEHJKL,87,L
ABCEIJKL,74,A
ABCEIJKL,77,C
ABCEIJKL,79,E
ABCEIJKL,80,K
ABCEIJKL,81,B
ABCEIJKL,82,I
ABCEIJKL,85,J
ABCEIJKL,87,L
ABCFGHIJ,74,C
ABCFGHIJ,77,F
ABCFGHIJ,79,H
ABCFGHIJ,80,J
ABCFGHIJ,81,B
ABCFGHIJ,82,A
ABCFGHIJ,85,G
ABCFGHIJ,87,I
ABCFGHIK,74,C
ABCFGHIK,77,F
ABCFGHIK,79,H
ABCFGHIK,80,K
ABCFGHIK,81,B
ABCFGHIK,82,A
ABCFGHIK,85,G
ABCFGHIK,87,I
ABCFGHIL,74,C
ABCFGHIL,77,F
ABCFGHIL,79,H
ABCFGHIL,80,I
ABCFGHIL,81,B
ABCFGHIL,82,A
ABCFGHIL,85,G
ABCFGHIL,87,L
ABCFGHJK,74,C
ABCFGHJK,77,F
ABCFGHJK,79,H
ABCFGHJK,80,K
ABCFGHJK,81,B
ABCFGHJK,82,A
ABCFGHJK,85,G
ABCFGHJK,87,J
ABCFGHJL,74,C
ABCFGHJL,77,F
ABCFGHJL,79,H
ABCFGHJL,80,J
ABCFGHJL,81,B
ABCFGHJL,82,A
ABCFGHJL,85,G
ABCFGHJL,87,L
ABCFGHKL,74,C
ABCFGHKL,77,F
ABCFGHKL,79,H
ABCFGHKL,80,K
ABCFGHKL,81,B
ABCFGHKL,82,A
ABCFGHKL,85,G
ABCFGHKL,87,L
ABCFGIJK,74,F
ABCFGIJK,77,G
ABCFGIJK,79,C
ABCFGIJK,80,K
ABCFGIJK,81,B
ABCFGIJK,82,A
ABCFGIJK,85,J
ABCFGIJK,87,I
ABCFGIJL,74,F
ABCFGIJL,77,G
ABCFGIJL,79,C
ABCFGIJL,80,I
ABCFGIJL,81,B
ABCFGIJL,82,A
ABCFGIJL,85,J
ABCFGIJL,87,L
ABCFGIKL,74,C
ABCFGIKL,77,F
ABCFGIKL,79,I
ABCFGIKL,80,K
ABCFGIKL,81,B
ABCFGIKL,82,A
ABCFGIKL,85,G
ABCFGIKL,87,L
ABCFGJKL,74,F
ABCFGJKL,77,G
ABCFGJKL,79,C
ABCFGJKL,80,K
ABCFGJKL,81,B
ABCFGJKL,82,A
ABCFGJKL,85,J
ABCFGJKL,87,L
ABCFHIJK,74,C
ABCFHIJK,77,F
ABCFHIJK,79,H
ABCFHIJK,80,K
ABCFHIJK,81,B
ABCFHIJK,82,A
ABCFHIJK,85,J
ABCFHIJK,87,I
ABCFHIJL,74,C
ABCFHIJL,77,F
ABCFHIJL,79,H
ABCFHIJL,80,I
ABCFHIJL,81,B
ABCFHIJL,82,A
ABCFHIJL,85,J
ABCFHIJL,87,L
ABCFHIKL,74,C
ABCFHIKL,77,F
ABCFHIKL,79,H
ABCFHIKL,80,K
ABCFHIKL,81,B
ABCFHIKL,82,A
ABCFHIKL,85,I
ABCFHIKL,87,L
ABCFHJKL,74,C
ABCFHJKL,77,F
ABCFHJKL,79,H
ABCFHJKL,80,K
ABCFHJKL,81,B
ABCFHJKL,82,A
ABCFHJKL,85,J
ABCFHJKL,87,L
ABCFIJKL,74,C
ABCFIJKL,77,F
ABCFIJKL,79,I
ABCFIJKL,80,K
ABCFIJKL,81,B
ABCFIJKL,82,A
ABCFIJKL,85,J
ABCFIJKL,87,L
ABCGHIJK,74,C
ABCGHIJK,77,G
ABCGHIJK,79,H
ABCGHIJK,80,K
ABCGHIJK,81,B
ABCGHIJK,82,A
ABCGHIJK,85,J
ABCGHIJK,87,I
ABCGHIJL,74,C
ABCGHIJL,77,G
ABCGHIJL,79,H
ABCGHIJL,80,I
ABCGHIJL,81,B
ABCGHIJL,82,A
ABCGHIJL,85,J
ABCGHIJL,87,L
ABCGHIKL,74,C
ABCGHIKL,77,H
ABCGHIKL,79,I
ABCGHIKL,80,K
ABCGHIKL,81,B
ABCGHIKL,82,A
ABCGHIKL,85,G
ABCGHIKL,87,L
ABCGHJKL,74,C
ABCGHJKL,77,G
ABCGHJKL,79,H
ABCGHJKL,80,K
ABCGHJKL,81,B
ABCGHJKL,82,A
ABCGHJKL,85,J
ABCGHJKL,87,L
ABCGIJKL,74,C
ABCGIJKL,77,G
ABCGIJKL,79,I
ABCGIJKL,80,K
ABCGIJKL,81,B
ABCGIJKL,82,A
ABCGIJKL,85,J
ABCGIJKL,87,L
ABCHIJKL,74,C
ABCHIJKL,77,H
ABCHIJKL,79,I
ABCHIJKL,80,K
ABCHIJKL,81,B
ABCHIJKL,82,A
ABCHIJKL,85,J
ABCHIJKL,87,L
ABDEFGHI,74,D
ABDEFGHI,77,F
ABDEFGHI,79,H
ABDEFGHI,80,I
ABDEFGHI,81,B
ABDEFGHI,82,A
ABDEFGHI,85,G
ABDEFGHI,87,E
ABDEFGHJ,74,D
ABDEFGHJ,77,F
ABDEFGHJ,79,H
ABDEFGHJ,80,J
ABDEFGHJ,81,B
ABDEFGHJ,82,A
ABDEFGHJ,85,G
ABDEFGHJ,87,E
ABDEFGHK,74,D
ABDEFGHK,77,F
ABDEFGHK,79,H
ABDEFGHK,80,K
ABDEFGHK,81,B
ABDEFGHK,82,A
ABDEFGHK,85,G
ABDEFGHK,87,E
ABDEFGHL,74,D
ABDEFGHL,77,F
ABDEFGHL,79,H
ABDEFGHL,80,E
ABDEFGHL,81,B
ABDEFGHL,82,A
ABDEFGHL,85,G
ABDEFGHL,87,L
ABDEFGIJ,74,D
ABDEFGIJ,77,F
ABDEFGIJ,79,E
ABDEFGIJ,80,J
ABDEFGIJ,81,B
ABDEFGIJ,82,A
ABDEFGIJ,85,G
ABDEFGIJ,87,I
ABDEFGIK,74,D
ABDEFGIK,77,F
ABDEFGIK,79,E
ABDEFGIK,80,K
ABDEFGIK,81,B
ABDEFGIK,82,A
ABDEFGIK,85,G
ABDEFGIK,87,I
ABDEFGIL,74,D
ABDEFGIL,77,F
ABDEFGIL,79,E
ABDEFGIL,80,I
ABDEFGIL,81,B
ABDEFGIL,82,A
ABDEFGIL,85,G
ABDEFGIL,87,L
ABDEFGJK,74,D
ABDEFGJK,77,F
ABDEFGJK,79,E
ABDEFGJK,80,K
ABDEFGJK,81,B
ABDEFGJK,82,A
ABDEFGJK,85,G
ABDEFGJK,87,J
ABDEFGJL,74,D
ABDEFGJL,77,F
ABDEFGJL,79,E
ABDEFGJL,80,J
ABDEFGJL,81,B
ABDEFGJL,82,A
ABDEFGJL,85,G
ABDEFGJL,87,L
ABDEFGKL,74,D
ABDEFGKL,77,F
ABDEFGKL,79,E
ABDEFGKL,80,K
ABDEFGKL,81,B
ABDEFGKL,82,A
ABDEFGKL,85,G
ABDEFGKL,87,L
ABDEFHIJ,74,D
ABDEFHIJ,77,F
ABDEFHIJ,79,H
ABDEFHIJ,80,I
ABDEFHIJ,81,B
ABDEFHIJ,82,A
ABDEFHIJ,85,J
ABDEFHIJ,87,E
ABDEFHIK,74,D
ABDEFHIK,77,F
ABDEFHIK,79,H
ABDEFHIK,80,K
ABDEFHIK,81,B
ABDEFHIK,82,A
ABDEFHIK,85,E
ABDEFHIK,87,I
ABDEFHIL,74,D
ABDEFHIL,77,F
ABDEFHIL,79,H
ABDEFHIL,80,I
ABDEFHIL,81,B
ABDEFHIL,82,A
ABDEFHIL,85,E
ABDEFHIL,87,L
ABDEFHJK,74,D
ABDEFHJK,77,F
ABDEFHJK,79,H
ABDEFHJK,80,K
ABDEFHJK,81,B
ABDEFHJK,82,A
ABDEFHJK,85,J
ABDEFHJK,87,E
ABDEFHJL,74,D
ABDEFHJL,77,F
ABDEFHJL,79,H
ABDEFHJL,80,E
ABDEFHJL,81,B
ABDEFHJL,82,A
ABDEFHJL,85,J
ABDEFHJL,87,L
ABDEFHKL,74,D
ABDEFHKL,77,F
ABDEFHKL,79,H
ABDEFHKL,80,K
ABDEFHKL,81,B
ABDEFHKL,82,A
ABDEFHKL,85,E
ABDEFHKL,87,L
ABDEFIJK,74,D
ABDEFIJK,77,F
ABDEFIJK,79,E
ABDEFIJK,80,K
ABDEFIJK,81,B
ABDEFIJK,82,A
ABDEFIJK,85,J
ABDEFIJK,87,I
ABDEFIJL,74,D
ABDEFIJL,77,F
ABDEFIJL,79,E
ABDEFIJL,80,I
ABDEFIJL,81,B
ABDEFIJL,82,A
ABDEFIJL,85,J
ABDEFIJL,87,L
ABDEFIKL,74,D
ABDEFIKL,77,F
ABDEFIKL,79,E
ABDEFIKL,80,K
ABDEFIKL,81,B
ABDEFIKL,82,A
ABDEFIKL,85,I
ABDEFIKL,87,L
ABDEFJKL,74,D
ABDEFJKL,77,F
ABDEFJKL,79,E
ABDEFJKL,80,K
ABDEFJKL,81,B
ABDEFJKL,82,A
ABDEFJKL,85,J
ABDEFJKL,87,L
ABDEGHIJ,74,D
ABDEGHIJ,77,G
ABDEGHIJ,79,H
ABDEGHIJ,80,I
ABDEGHIJ,81,B
ABDEGHIJ,82,A
ABDEGHIJ,85,J
ABDEGHIJ,87,E
ABDEGHIK,74,D
ABDEGHIK,77,H
ABDEGHIK,79,E
ABDEGHIK,80,K
ABDEGHIK,81,B
ABDEGHIK,82,A
ABDEGHIK,85,G
ABDEGHIK,87,I
ABDEGHIL,74,D
ABDEGHIL,77,H
ABDEGHIL,79,E
ABDEGHIL,80,I
ABDEGHIL,81,B
ABDEGHIL,82,A
ABDEGHIL,85,G
ABDEGHIL,87,L
ABDEGHJK,74,D
ABDEGHJK,77,G
ABDEGHJK,79,H
ABDEGHJK,80,K
ABDEGHJK,81,B
ABDEGHJK,82,A
ABDEGHJK,85,J
ABDEGHJK,87,E
ABDEGHJL,74,D
ABDEGHJL,77,G
ABDEGHJL,79,H
ABDEGHJL,80,E
ABDEGHJL,81,B
ABDEGHJL,82,A
ABDEGHJL,85,J
ABDEGHJL,87,L
ABDEGHKL,74,D
ABDEGHKL,77,H
ABDEGHKL,79,E
ABDEGHKL,80,K
ABDEGHKL,81,B
ABDEGHKL,82,A
ABDEGHKL,85,G
ABDEGHKL,87,L
ABDEGIJK,74,D
ABDEGIJK,77,G
ABDEGIJK,79,E
ABDEGIJK,80,K
ABDEGIJK,81,B
ABDEGIJK,82,A
ABDEGIJK,85,J
ABDEGIJK,87,I
ABDEGIJL,74,D
ABDEGIJL,77,G
ABDEGIJL,79,E
ABDEGIJL,80,I
ABDEGIJL,81,B
ABDEGIJL,82,A
ABDEGIJL,85,J
ABDEGIJL,87,L
ABDEGIKL,74,A
ABDEGIKL,77,D
ABDEGIKL,79,E
ABDEGIKL,80,K
ABDEGIKL,81,B
ABDEGIKL,82,I
ABDEGIKL,85,G
ABDEGIKL,87,L
ABDEGJKL,74,D
ABDEGJKL,77,G
ABDEGJKL,79,E
ABDEGJKL,80,K
ABDEGJKL,81,B
ABDEGJKL,82,A
ABDEGJKL,85,J
ABDEGJKL,87,L
ABDEHIJK,74,D
ABDEHIJK,77,H
ABDEHIJK,79,E
ABDEHIJK,80,K
ABDEHIJK,81,B
ABDEHIJK,82,A
ABDEHIJK,85,J
ABDEHIJK,87,I
ABDEHIJL,74,D
ABDEHIJL,77,H
ABDEHIJL,79,E
ABDEHIJL,80,I
ABDEHIJL,81,B
ABDEHIJL,82,A
ABDEHIJL,85,J
ABDEHIJL,87,L
ABDEHIKL,74,D
ABDEHIKL,77,H
ABDEHIKL,79,E
ABDEHIKL,80,K
ABDEHIKL,81,B
ABDEHIKL,82,A
ABDEHIKL,85,I
ABDEHIKL,87,L
ABDEHJKL,74,D
ABDEHJKL,77,H
ABDEHJKL,79,E
ABDEHJKL,80,K
ABDEHJKL,81,B
ABDEHJKL,82,A
ABDEHJKL,85,J
ABDEHJKL,87,L
ABDEIJKL,74,A
ABDEIJKL,77,D
ABDEIJKL,79,E
ABDEIJKL,80,K
ABDEIJKL,81,B
ABDEIJKL,82,I
ABDEIJKL,85,J
ABDEIJKL,87,L
ABDFGHIJ,74,D
ABDFGHIJ,77,F
ABDFGHIJ,79,H
ABDFGHIJ,80,J
ABDFGHIJ,81,B
ABDFGHIJ,82,A
ABDFGHIJ,85,G
ABDFGHIJ,87,I
ABDFGHIK,74,D
ABDFGHIK,77,F
ABDFGHIK,79,H
ABDFGHIK,80,K
ABDFGHIK,81,B
ABDFGHIK,82,A
ABDFGHIK,85,G
ABDFGHIK,87,I
ABDFGHIL,74,D
ABDFGHIL,77,F
ABDFGHIL,79,H
ABDFGHIL,80,I
ABDFGHIL,81,B
ABDFGHIL,82,A
ABDFGHIL,85,G
ABDFGHIL,87,L
ABDFGHJK,74,D
ABDFGHJK,77,F
ABDFGHJK,79,H
ABDFGHJK,80,K
ABDFGHJK,81,B
ABDFGHJK,82,A
ABDFGHJK,85,G
ABDFGHJK,87,J
ABDFGHJL,74,D
ABDFGHJL,77,F
ABDFGHJL,79,H
ABDFGHJL,80,J
ABDFGHJL,81,B
ABDFGHJL,82,A
ABDFGHJL,85,G
ABDFGHJL,87,L
ABDFGHKL,74,D
ABDFGHKL,77,F
ABDFGHKL,79,H
ABDFGHKL,80,K
ABDFGHKL,81,B
ABDFGHKL,82,A
ABDFGHKL,85,G
ABDFGHKL,87,L
ABDFGIJK,74,D
ABDFGIJK,77,G
ABDFGIJK,79,F
ABDFGIJK,80,K
ABDFGIJK,81,B
ABDFGIJK,82,A
ABDFGIJK,85,J
ABDFGIJK,87,I
ABDFGIJL,74,D
ABDFGIJL,77,G
ABDFGIJL,79,F
ABDFGIJL,80,I
ABDFGIJL,81,B
ABDFGIJL,82,A
ABDFGIJL,85,J
ABDFGIJL,87,L
ABDFGIKL,74,D
ABDFGIKL,77,F
ABDFGIKL,79,I
ABDFGIKL,80,K
ABDFGIKL,81,B
ABDFGIKL,82,A
ABDFGIKL,85,G
ABDFGIKL,87,L
ABDFGJKL,74,D
ABDFGJKL,77,G
ABDFGJKL,79,F
ABDFGJKL,80,K
ABDFGJKL,81,B
ABDFGJKL,82,A
ABDFGJKL,85,J
ABDFGJKL,87,L
ABDFHIJK,74,D
ABDFHIJK,77,F
ABDFHIJK,79,H
ABDFHIJK,80,K
ABDFHIJK,81,B
ABDFHIJK,82,A
ABDFHIJK,85,J
ABDFHIJK,87,I
ABDFHIJL,74,D
ABDFHIJL,77,F
ABDFHIJL,79,H
ABDFHIJL,80,I
ABDFHIJL,81,B
ABDFHIJL,82,A
ABDFHIJL,85,J
ABDFHIJL,87,L
ABDFHIKL,74,D
ABDFHIKL,77,F
ABDFHIKL,79,H
ABDFHIKL,80,K
ABDFHIKL,81,B
ABDFHIKL,82,A
ABDFHIKL,85,I
ABDFHIKL,87,L
ABDFHJKL,74,D
ABDFHJKL,77,F
ABDFHJKL,79,H
ABDFHJKL,80,K
ABDFHJKL,81,B
ABDFHJKL,82,A
ABDFHJKL,85,J
ABDFHJKL,87,L
ABDFIJKL,74,D
ABDFIJKL,77,F
ABDFIJKL,79,I
ABDFIJKL,80,K
ABDFIJKL,81,B
ABDFIJKL,82,A
ABDFIJKL,85,J
ABDFIJKL,87,L
ABDGHIJK,74,D
ABDGHIJK,77,G
ABDGHIJK,79,H
ABDGHIJK,80,K
ABDGHIJK,81,B
ABDGHIJK,82,A
ABDGHIJK,85,J
ABDGHIJK,87,I
ABDGHIJL,74,D
ABDGHIJL,77,G
ABDGHIJL,79,H
ABDGHIJL,80,I
ABDGHIJL,81,B
ABDGHIJL,82,A
ABDGHIJL,85,J
ABDGHIJL,87,L
ABDGHIKL,74,D
ABDGHIKL,77,H
ABDGHIKL,79,I
ABDGHIKL,80,K
ABDGHIKL,81,B
ABDGHIKL,82,A
ABDGHIKL,85,G
ABDGHIKL,87,L
ABDGHJKL,74,D
ABDGHJKL,77,G
ABDGHJKL,79,H
ABDGHJKL,80,K
ABDGHJKL,81,B
ABDGHJKL,82,A
ABDGHJKL,85,J
ABDGHJKL,87,L
ABDGIJKL,74,D
ABDGIJKL,77,G
ABDGIJKL,79,I
ABDGIJKL,80,K
ABDGIJKL,81,B
ABDGIJKL,82,A
ABDGIJKL,85,J
ABDGIJKL,87,L
ABDHIJKL,74,D
ABDHIJKL,77,H
ABDHIJKL,79,I
ABDHIJKL,80,K
ABDHIJKL,81,B
ABDHIJKL,82,A
ABDHIJKL,85,J
ABDHIJKL,87,L
ABEFGHIJ,74,F
ABEFGHIJ,77,G
ABEFGHIJ,79,H
ABEFGHIJ,80,I
ABEFGHIJ,81,B
ABEFGHIJ,82,A
ABEFGHIJ,85,J
ABEFGHIJ,87,E
ABEFGHIK,74,F
ABEFGHIK,77,H
ABEFGHIK,79,E
ABEFGHIK,80,K
ABEFGHIK,81,B
ABEFGHIK,82,A
ABEFGHIK,85,G
ABEFGHIK,87,I
ABEFGHIL,74,F
ABEFGHIL,77,H
ABEFGHIL,79,E
ABEFGHIL,80,I
ABEFGHIL,81,B
ABEFGHIL,82,A
ABEFGHIL,85,G
ABEFGHIL,87,L
ABEFGHJK,74,F
ABEFGHJK,77,G
ABEFGHJK,79,H
ABEFGHJK,80,K
ABEFGHJK,81,B
ABEFGHJK,82,A
ABEFGHJK,85,J
ABEFGHJK,87,E
ABEFGHJL,74,F
ABEFGHJL,77,G
ABEFGHJL,79,H
ABEFGHJL,80,E
ABEFGHJL,81,B
ABEFGHJL,82,A
ABEFGHJL,85,J
ABEFGHJL,87,L
ABEFGHKL,74,F
ABEFGHKL,77,H
ABEFGHKL,79,E
ABEFGHKL,80,K
ABEFGHKL,81,B
ABEFGHKL,82,A
ABEFGHKL,85,G
ABEFGHKL,87,L
ABEFGIJK,74,F
ABEFGIJK,77,G
ABEFGIJK,79,E
ABEFGIJK,80,K
ABEFGIJK,81,B
ABEFGIJK,82,A
ABEFGIJK,85,J
ABEFGIJK,87,I
ABEFGIJL,74,F
ABEFGIJL,77,G
ABEFGIJL,79,E
ABEFGIJL,80,I
ABEFGIJL,81,B
ABEFGIJL,82,A
ABEFGIJL,85,J
ABEFGIJL,87,L
ABEFGIKL,74,A
ABEFGIKL,77,F
ABEFGIKL,79,E
ABEFGIKL,80,K
ABEFGIKL,81,B
ABEFGIKL,82,I
ABEFGIKL,85,G
ABEFGIKL,87,L
ABEFGJKL,74,F
ABEFGJKL,77,G
ABEFGJKL,79,E
ABEFGJKL,80,K
ABEFGJKL,81,B
ABEFGJKL,82,A
ABEFGJKL,85,J
ABEFGJKL,87,L
ABEFHIJK,74,F
ABEFHIJK,77,H
ABEFHIJK,79,E
ABEFHIJK,80,K
ABEFHIJK,81,B
ABEFHIJK,82,A
ABEFHIJK,85,J
ABEFHIJK,87,I
ABEFHIJL,74,F
ABEFHIJL,77,H
ABEFHIJL,79,E
ABEFHIJL,80,I
ABEFHIJL,81,B
ABEFHIJL,82,A
ABEFHIJL,85,J
ABEFHIJL,87,L
ABEFHIKL,74,F
ABEFHIKL,77,H
ABEFHIKL,79,E
ABEFHIKL,80,K
ABEFHIKL,81,B
ABEFHIKL,82,A
ABEFHIKL,85,I
ABEFHIKL,87,L
ABEFHJKL,74,F
ABEFHJKL,77,H
ABEFHJKL,79,E
ABEFHJKL,80,K
ABEFHJKL,81,B
ABEFHJKL,82,A
ABEFHJKL,85,J
ABEFHJKL,87,L
ABEFIJKL,74,A
ABEFIJKL,77,F
ABEFIJKL,79,E
ABEFIJKL,80,K
ABEFIJKL,81,B
ABEFIJKL,82,I
ABEFIJKL,85,J
ABEFIJKL,87,L
ABEGHIJK,74,A
ABEGHIJK,77,G
ABEGHIJK,79,E
ABEGHIJK,80,K
ABEGHIJK,81,B
ABEGHIJK,82,H
ABEGHIJK,85,J
ABEGHIJK,87,I
ABEGHIJL,74,A
ABEGHIJL,77,G
ABEGHIJL,79,E
ABEGHIJL,80,I
ABEGHIJL,81,B
ABEGHIJL,82,H
ABEGHIJL,85,J
ABEGHIJL,87,L
ABEGHIKL,74,A
ABEGHIKL,77,H
ABEGHIKL,79,E
ABEGHIKL,80,K
ABEGHIKL,81,B
ABEGHIKL,82,I
ABEGHIKL,85,G
ABEGHIKL,87,L
ABEGHJKL,74,A
ABEGHJKL,77,G
ABEGHJKL,79,E
ABEGHJKL,80,K
ABEGHJKL,81,B
ABEGHJKL,82,H
ABEGHJKL,85,J
ABEGHJKL,87,L
ABEGIJKL,74,A
ABEGIJKL,77,G
ABEGIJKL,79,E
ABEGIJKL,80,K
ABEGIJKL,81,B
ABEGIJKL,82,I
ABEGIJKL,85,J
ABEGIJKL,87,L
ABEHIJKL,74,A
ABEHIJKL,77,H
ABEHIJKL,79,E
ABEHIJKL,80,K
ABEHIJKL,81,B
ABEHIJKL,82,I
ABEHIJKL,85,J
ABEHIJKL,87,L
ABFGHIJK,74,F
ABFGHIJK,77,G
ABFGHIJK,79,H
ABFGHIJK,80,K
ABFGHIJK,81,B
ABFGHIJK,82,A
ABFGHIJK,85,J
ABFGHIJK,87,I
ABFGHIJL,74,F
ABFGHIJL,77,G
ABFGHIJL,79,H
ABFGHIJL,80,I
ABFGHIJL,81,B
ABFGHIJL,82,A
ABFGHIJL,85,J
ABFGHIJL,87,L
ABFGHIKL,74,A
ABFGHIKL,77,F
ABFGHIKL,79,H
ABFGHIKL,80,K
ABFGHIKL,81,B
ABFGHIKL,82,I
ABFGHIKL,85,G
ABFGHIKL,87,L
ABFGHJKL,74,F
ABFGHJKL,77,G
ABFGHJKL,79,H
ABFGHJKL,80,K
ABFGHJKL,81,B
ABFGHJKL,82,A
ABFGHJKL,85,J
ABFGHJKL,87,L
ABFGIJKL,74,F
ABFGIJKL,77,G
ABFGIJKL,79,I
ABFGIJKL,80,K
ABFGIJKL,81,B
ABFGIJKL,82,A
ABFGIJKL,85,J
ABFGIJKL,87,L
ABFHIJKL,74,A
ABFHIJKL,77,F
ABFHIJKL,79,H
ABFHIJKL,80,K
ABFHIJKL,81,B
ABFHIJKL,82,I
ABFHIJKL,85,J
ABFHIJKL,87,L
ABGHIJKL,74,A
ABGHIJKL,77,G
ABGHIJKL,79,H
ABGHIJKL,80,K
ABGHIJKL,81,B
ABGHIJKL,82,I
ABGHIJKL,85,J
ABGHIJKL,87,L
ACDEFGHI,74,C
ACDEFGHI,77,F
ACDEFGHI,79,H
ACDEFGHI,80,I
ACDEFGHI,81,E
ACDEFGHI,82,A
ACDEFGHI,85,G
ACDEFGHI,87,D
ACDEFGHJ,74,C
ACDEFGHJ,77,F
ACDEFGHJ,79,H
ACDEFGHJ,80,E
ACDEFGHJ,81,J
ACDEFGHJ,82,A
ACDEFGHJ,85,G
ACDEFGHJ,87,D
ACDEFGHK,74,C
ACDEFGHK,77,F
ACDEFGHK,79,H
ACDEFGHK,80,K
ACDEFGHK,81,E
ACDEFGHK,82,A
ACDEFGHK,85,G
ACDEFGHK,87,D
ACDEFGHL,74,C
ACDEFGHL,77,D
ACDEFGHL,79,H
ACDEFGHL,80,E
ACDEFGHL,81,F
ACDEFGHL,82,A
ACDEFGHL,85,G
ACDEFGHL,87,L
ACDEFGIJ,74,D
ACDEFGIJ,77,F
ACDEFGIJ,79,C
ACDEFGIJ,80,I
ACDEFGIJ,81,J
ACDEFGIJ,82,A
ACDEFGIJ,85,G
ACDEFGIJ,87,E
ACDEFGIK,74,D
ACDEFGIK,77,F
ACDEFGIK,79,C
ACDEFGIK,80,K
ACDEFGIK,81,E
ACDEFGIK,82,A
ACDEFGIK,85,G
ACDEFGIK,87,I
ACDEFGIL,74,D
ACDEFGIL,77,F
ACDEFGIL,79,C
ACDEFGIL,80,I
ACDEFGIL,81,E
ACDEFGIL,82,A
ACDEFGIL,85,G
ACDEFGIL,87,L
ACDEFGJK,74,D
ACDEFGJK,77,F
ACDEFGJK,79,C
ACDEFGJK,80,K
ACDEFGJK,81,J
ACDEFGJK,82,A
ACDEFGJK,85,G
ACDEFGJK,87,E
ACDEFGJL,74,D
ACDEFGJL,77,F
ACDEFGJL,79,C
ACDEFGJL,80,E
ACDEFGJL,81,J
ACDEFGJL,82,A
ACDEFGJL,85,G
ACDEFGJL,87,L
ACDEFGKL,74,D
ACDEFGKL,77,F
ACDEFGKL,79,C
ACDEFGKL,80,K
ACDEFGKL,81,E
ACDEFGKL,82,A
ACDEFGKL,85,G
ACDEFGKL,87,L
ACDEFHIJ,74,C
ACDEFHIJ,77,F
ACDEFHIJ,79,H
ACDEFHIJ,80,I
ACDEFHIJ,81,E
ACDEFHIJ,82,A
ACDEFHIJ,85,J
ACDEFHIJ,87,D
ACDEFHIK,74,C
ACDEFHIK,77,D
ACDEFHIK,79,H
ACDEFHIK,80,K
ACDEFHIK,81,F
ACDEFHIK,82,A
ACDEFHIK,85,E
ACDEFHIK,87,I
ACDEFHIL,74,C
ACDEFHIL,77,D
ACDEFHIL,79,H
ACDEFHIL,80,I
ACDEFHIL,81,F
ACDEFHIL,82,A
ACDEFHIL,85,E
ACDEFHIL,87,L
ACDEFHJK,74,C
ACDEFHJK,77,F
ACDEFHJK,79,H
ACDEFHJK,80,K
ACDEFHJK,81,E
ACDEFHJK,82,A
ACDEFHJK,85,J
ACDEFHJK,87,D
ACDEFHJL,74,C
ACDEFHJL,77,D
ACDEFHJL,79,H
ACDEFHJL,80,E
ACDEFHJL,81,F
ACDEFHJL,82,A
ACDEFHJL,85,J
ACDEFHJL,87,L
ACDEFHKL,74,C
ACDEFHKL,77,D
ACDEFHKL,79,H
ACDEFHKL,80,K
ACDEFHKL,81,F
ACDEFHKL,82,A
ACDEFHKL,85,E
ACDEFHKL,87,L
ACDEFIJK,74,D
ACDEFIJK,77,F
ACDEFIJK,79,C
ACDEFIJK,80,K
ACDEFIJK,81,E
ACDEFIJK,82,A
ACDEFIJK,85,J
ACDEFIJK,87,I
ACDEFIJL,74,D
ACDEFIJL,77,F
ACDEFIJL,79,C
ACDEFIJL,80,I
ACDEFIJL,81,E
ACDEFIJL,82,A
ACDEFIJL,85,J
ACDEFIJL,87,L
ACDEFIKL,74,D
ACDEFIKL,77,F
ACDEFIKL,79,C
ACDEFIKL,80,K
ACDEFIKL,81,I
ACDEFIKL,82,A
ACDEFIKL,85,E
ACDEFIKL,87,L
ACDEFJKL,74,D
ACDEFJKL,77,F
ACDEFJKL,79,C
ACDEFJKL,80,K
ACDEFJKL,81,E
ACDEFJKL,82,A
ACDEFJKL,85,J
ACDEFJKL,87,L
ACDEGHIJ,74,C
ACDEGHIJ,77,D
ACDEGHIJ,79,H
ACDEGHIJ,80,I
ACDEGHIJ,81,J
ACDEGHIJ,82,A
ACDEGHIJ,85,G
ACDEGHIJ,87,E
ACDEGHIK,74,C
ACDEGHIK,77,D
ACDEGHIK,79,H
ACDEGHIK,80,K
ACDEGHIK,81,E
ACDEGHIK,82,A
ACDEGHIK,85,G
ACDEGHIK,87,I
ACDEGHIL,74,C
ACDEGHIL,77,D
ACDEGHIL,79,H
ACDEGHIL,80,I
ACDEGHIL,81,E
ACDEGHIL,82,A
ACDEGHIL,85,G
ACDEGHIL,87,L
ACDEGHJK,74,C
ACDEGHJK,77,D
ACDEGHJK,79,H
ACDEGHJK,80,K
ACDEGHJK,81,J
ACDEGHJK,82,A
ACDEGHJK,85,G
ACDEGHJK,87,E
ACDEGHJL,74,C
ACDEGHJL,77,D
ACDEGHJL,79,H
ACDEGHJL,80,E
ACDEGHJL,81,J
ACDEGHJL,82,A
ACDEGHJL,85,G
ACDEGHJL,87,L
ACDEGHKL,74,C
ACDEGHKL,77,D
ACDEGHKL,79,H
ACDEGHKL,80,K
ACDEGHKL,81,E
ACDEGHKL,82,A
ACDEGHKL,85,G
ACDEGHKL,87,L
ACDEGIJK,74,C
ACDEGIJK,77,D
ACDEGIJK,79,E
ACDEGIJK,80,K
ACDEGIJK,81,J
ACDEGIJK,82,A
ACDEGIJK,85,G
ACDEGIJK,87,I
ACDEGIJL,74,C
ACDEGIJL,77,D
ACDEGIJL,79,E
ACDEGIJL,80,I
ACDEGIJL,81,J
ACDEGIJL,82,A
ACDEGIJL,85,G
ACDEGIJL,87,L
ACDEGIKL,74,C
ACDEGIKL,77,D
ACDEGIKL,79,E
ACDEGIKL,80,K
ACDEGIKL,81,I
ACDEGIKL,82,A
ACDEGIKL,85,G
ACDEGIKL,87,L
ACDEGJKL,74,C
ACDEGJKL,77,D
ACDEGJKL,79,E
ACDEGJKL,80,K
ACDEGJKL,81,J
ACDEGJKL,82,A
ACDEGJKL,85,G
ACDEGJKL,87,L
ACDEHIJK,74,C
ACDEHIJK,77,D
ACDEHIJK,79,H
ACDEHIJK,80,K
ACDEHIJK,81,E
ACDEHIJK,82,A
ACDEHIJK,85,J
ACDEHIJK,87,I
ACDEHIJL,74,C
ACDEHIJL,77,D
ACDEHIJL,79,H
ACDEHIJL,80,I
ACDEHIJL,81,E
ACDEHIJL,82,A
ACDEHIJL,85,J
ACDEHIJL,87,L
ACDEHIKL,74,C
ACDEHIKL,77,D
ACDEHIKL,79,H
ACDEHIKL,80,K
ACDEHIKL,81,I
ACDEHIKL,82,A
ACDEHIKL,85,E
ACDEHIKL,87,L
ACDEHJKL,74,C
ACDEHJKL,77,D
ACDEHJKL,79,H
ACDEHJKL,80,K
ACDEHJKL,81,E
ACDEHJKL,82,A
ACDEHJKL,85,J
ACDEHJKL,87,L
ACDEIJKL,74,C
ACDEIJKL,77,D
ACDEIJKL,79,E
ACDEIJKL,80,K
ACDEIJKL,81,I
ACDEIJKL,82,A
ACDEIJKL,85,J
ACDEIJKL,87,L
ACDFGHIJ,74,C
ACDFGHIJ,77,F
ACDFGHIJ,79,H
ACDFGHIJ,80,I
ACDFGHIJ,81,J
ACDFGHIJ,82,A
ACDFGHIJ,85,G
ACDFGHIJ,87,D
ACDFGHIK,74,C
ACDFGHIK,77,D
ACDFGHIK,79,H
ACDFGHIK,80,K
ACDFGHIK,81,F
ACDFGHIK,82,A
ACDFGHIK,85,G
ACDFGHIK,87,I
ACDFGHIL,74,C
ACDFGHIL,77,D
ACDFGHIL,79,H
ACDFGHIL,80,I
ACDFGHIL,81,F
ACDFGHIL,82,A
ACDFGHIL,85,G
ACDFGHIL,87,L
ACDFGHJK,74,C
ACDFGHJK,77,F
ACDFGHJK,79,H
ACDFGHJK,80,K
ACDFGHJK,81,J
ACDFGHJK,82,A
ACDFGHJK,85,G
ACDFGHJK,87,D
ACDFGHJL,74,D
ACDFGHJL,77,F
ACDFGHJL,79,C
ACDFGHJL,80,H
ACDFGHJL,81,J
ACDFGHJL,82,A
ACDFGHJL,85,G
ACDFGHJL,87,L
ACDFGHKL,74,C
ACDFGHKL,77,D
ACDFGHKL,79,H
ACDFGHKL,80,K
ACDFGHKL,81,F
ACDFGHKL,82,A
ACDFGHKL,85,G
ACDFGHKL,87,L
ACDFGIJK,74,D
ACDFGIJK,77,F
ACDFGIJK,79,C
ACDFGIJK,80,K
ACDFGIJK,81,J
ACDFGIJK,82,A
ACDFGIJK,85,G
ACDFGIJK,87,I
ACDFGIJL,74,D
ACDFGIJL,77,F
ACDFGIJL,79,C
ACDFGIJL,80,I
ACDFGIJL,81,J
ACDFGIJL,82,A
ACDFGIJL,85,G
ACDFGIJL,87,L
ACDFGIKL,74,D
ACDFGIKL,77,F
ACDFGIKL,79,C
ACDFGIKL,80,K
ACDFGIKL,81,I
ACDFGIKL,82,A
ACDFGIKL,85,G
ACDFGIKL,87,L
ACDFGJKL,74,D
ACDFGJKL,77,F
ACDFGJKL,79,C
ACDFGJKL,80,K
ACDFGJKL,81,J
ACDFGJKL,82,A
ACDFGJKL,85,G
ACDFGJKL,87,L
ACDFHIJK,74,C
ACDFHIJK,77,D
ACDFHIJK,79,H
ACDFHIJK,80,K
ACDFHIJK,81,F
ACDFHIJK,82,A
ACDFHIJK,85,J
ACDFHIJK,87,I
ACDFHIJL,74,C
ACDFHIJL,77,D
ACDFHIJL,79,H
ACDFHIJL,80,I
ACDFHIJL,81,F
ACDFHIJL,82,A
ACDFHIJL,85,J
ACDFHIJL,87,L
ACDFHIKL,74,C
ACDFHIKL,77,D
ACDFHIKL,79,H
ACDFHIKL,80,K
ACDFHIKL,81,I
ACDFHIKL,82,A
ACDFHIKL,85,F
ACDFHIKL,87,L
ACDFHJKL,74,C
ACDFHJKL,77,D
ACDFHJKL,79,H
ACDFHJKL,80,K
ACDFHJKL,81,F
ACDFHJKL,82,A
ACDFHJKL,85,J
ACDFHJKL,87,L
ACDFIJKL,74,D
ACDFIJKL,77,F
ACDFIJKL,79,C
ACDFIJKL,80,K
ACDFIJKL,81,I
ACDFIJKL,82,A
ACDFIJKL,85,J
ACDFIJKL,87,L
ACDGHIJK,74,C
ACDGHIJK,77,D
ACDGHIJK,79,H
ACDGHIJK,80,K
ACDGHIJK,81,J
ACDGHIJK,82,A
ACDGHIJK,85,G
ACDGHIJK,87,I
ACDGHIJL,74,C
ACDGHIJL,77,D
ACDGHIJL,79,H
ACDGHIJL,80,I
ACDGHIJL,81,J
ACDGHIJL,82,A
ACDGHIJL,85,G
ACDGHIJL,87,L
ACDGHIKL,74,C
ACDGHIKL,77,D
ACDGHIKL,79,H
ACDGHIKL,80,K
ACDGHIKL,81,I
ACDGHIKL,82,A
ACDGHIKL,85,G
ACDGHIKL,87,L
ACDGHJKL,74,C
ACDGHJKL,77,D
ACDGHJKL,79,H
ACDGHJKL,80,K
ACDGHJKL,81,J
ACDGHJKL,82,A
ACDGHJKL,85,G
ACDGHJKL,87,L
ACDGIJKL,74,C
ACDGIJKL,77,D
ACDGIJKL,79,I
ACDGIJKL,80,K
ACDGIJKL,81,J
ACDGIJKL,82,A
ACDGIJKL,85,G
ACDGIJKL,87,L
ACDHIJKL,74,C
ACDHIJKL,77,D
ACDHIJKL,79,H
ACDHIJKL,80,K
ACDHIJKL,81,I
ACDHIJKL,82,A
ACDHIJKL,85,J
ACDHIJKL,87,L
ACEFGHIJ,74,C
ACEFGHIJ,77,F
ACEFGHIJ,79,H
ACEFGHIJ,80,I
ACEFGHIJ,81,J
ACEFGHIJ,82,A
ACEFGHIJ,85,G
ACEFGHIJ,87,E
ACEFGHIK,74,C
ACEFGHIK,77,F
ACEFGHIK,79,H
ACEFGHIK,80,K
ACEFGHIK,81,E
ACEFGHIK,82,A
ACEFGHIK,85,G
ACEFGHIK,87,I
ACEFGHIL,74,C
ACEFGHIL,77,F
ACEFGHIL,79,H
ACEFGHIL,80,I
ACEFGHIL,81,E
ACEFGHIL,82,A
ACEFGHIL,85,G
ACEFGHIL,87,L
ACEFGHJK,74,C
ACEFGHJK,77,F
ACEFGHJK,79,H
ACEFGHJK,80,K
ACEFGHJK,81,J
ACEFGHJK,82,A
ACEFGHJK,85,G
ACEFGHJK,87,E
ACEFGHJL,74,C
ACEFGHJL,77,F
ACEFGHJL,79,H
ACEFGHJL,80,E
ACEFGHJL,81,J
ACEFGHJL,82,A
ACEFGHJL,85,G
ACEFGHJL,87,L
ACEFGHKL,74,C
ACEFGHKL,77,F
ACEFGHKL,79,H
ACEFGHKL,80,K
ACEFGHKL,81,E
ACEFGHKL,82,A
ACEFGHKL,85,G
ACEFGHKL,87,L
ACEFGIJK,74,C
ACEFGIJK,77,F
ACEFGIJK,79,E
ACEFGIJK,80,K
ACEFGIJK,81,J
ACEFGIJK,82,A
ACEFGIJK,85,G
ACEFGIJK,87,I
ACEFGIJL,74,C
ACEFGIJL,77,F
ACEFGIJL,79,E
ACEFGIJL,80,I
ACEFGIJL,81,J
ACEFGIJL,82,A
ACEFGIJL,85,G
ACEFGIJL,87,L
ACEFGIKL,74,C
ACEFGIKL,77,F
ACEFGIKL,79,E
ACEFGIKL,80,K
ACEFGIKL,81,I
ACEFGIKL,82,A
ACEFGIKL,85,G
ACEFGIKL,87,L
ACEFGJKL,74,C
ACEFGJKL,77,F
ACEFGJKL,79,E
ACEFGJKL,80,K
ACEFGJKL,81,J
ACEFGJKL,82,A
ACEFGJKL,85,G
ACEFGJKL,87,L
ACEFHIJK,74,C
ACEFHIJK,77,F
ACEFHIJK,79,H
ACEFHIJK,80,K
ACEFHIJK,81,E
ACEFHIJK,82,A
ACEFHIJK,85,J
ACEFHIJK,87,I
ACEFHIJL,74,C
ACEFHIJL,77,F
ACEFHIJL,79,H
ACEFHIJL,80,I
ACEFHIJL,81,E
ACEFHIJL,82,A
ACEFHIJL,85,J
ACEFHIJL,87,L
ACEFHIKL,74,C
ACEFHIKL,77,F
ACEFHIKL,79,H
ACEFHIKL,80,K
ACEFHIKL,81,I
ACEFHIKL,82,A
ACEFHIKL,85,E
ACEFHIKL,87,L
ACEFHJKL,74,C
ACEFHJKL,77,F
ACEFHJKL,79,H
ACEFHJKL,80,K
ACEFHJKL,81,E
ACEFHJKL,82,A
ACEFHJKL,85,J
ACEFHJKL,87,L
ACEFIJKL,74,C
ACEFIJKL,77,F
ACEFIJKL,79,E
ACEFIJKL,80,K
ACEFIJKL,81,I
ACEFIJKL,82,A
ACEFIJKL,85,J
ACEFIJKL,87,L
ACEGHIJK,74,C
ACEGHIJK,77,H
ACEGHIJK,79,E
ACEGHIJK,80,K
ACEGHIJK,81,J
ACEGHIJK,82,A
ACEGHIJK,85,G
ACEGHIJK,87,I
ACEGHIJL,74,C
ACEGHIJL,77,H
ACEGHIJL,79,E
ACEGHIJL,80,I
ACEGHIJL,81,J
ACEGHIJL,82,A
ACEGHIJL,85,G
ACEGHIJL,87,L
ACEGHIKL,74,C
ACEGHIKL,77,H
ACEGHIKL,79,E
ACEGHIKL,80,K
ACEGHIKL,81,I
ACEGHIKL,82,A
ACEGHIKL,85,G
ACEGHIKL,87,L
ACEGHJKL,74,C
ACEGHJKL,77,H
ACEGHJKL,79,E
ACEGHJKL,80,K
ACEGHJKL,81,J
ACEGHJKL,82,A
ACEGHJKL,85,G
ACEGHJKL,87,L
ACEGIJKL,74,C
ACEGIJKL,77,G
ACEGIJKL,79,E
ACEGIJKL,80,K
ACEGIJKL,81,I
ACEGIJKL,82,A
ACEGIJKL,85,J
ACEGIJKL,87,L
ACEHIJKL,74,C
ACEHIJKL,77,H
ACEHIJKL,79,E
ACEHIJKL,80,K
ACEHIJKL,81,I
ACEHIJKL,82,A
ACEHIJKL,85,J
ACEHIJKL,87,L
ACFGHIJK,74,C
ACFGHIJK,77,F
ACFGHIJK,79,H
ACFGHIJK,80,K
ACFGHIJK,81,J
ACFGHIJK,82,A
ACFGHIJK,85,G
ACFGHIJK,87,I
ACFGHIJL,74,C
ACFGHIJL,77,F
ACFGHIJL,79,H
ACFGHIJL,80,I
ACFGHIJL,81,J
ACFGHIJL,82,A
ACFGHIJL,85,G
ACFGHIJL,87,L
ACFGHIKL,74,C
ACFGHIKL,77,F
ACFGHIKL,79,H
ACFGHIKL,80,K
ACFGHIKL,81,I
ACFGHIKL,82,A
ACFGHIKL,85,G
ACFGHIKL,87,L
ACFGHJKL,74,C
ACFGHJKL,77,F
ACFGHJKL,79,H
ACFGHJKL,80,K
ACFGHJKL,81,J
ACFGHJKL,82,A
ACFGHJKL,85,G
ACFGHJKL,87,L
ACFGIJKL,74,C
ACFGIJKL,77,F
ACFGIJKL,79,I
ACFGIJKL,80,K
ACFGIJKL,81,J
ACFGIJKL,82,A
ACFGIJKL,85,G
ACFGIJKL,87,L
ACFHIJKL,74,C
ACFHIJKL,77,F
ACFHIJKL,79,H
ACFHIJKL,80,K
ACFHIJKL,81,I
ACFHIJKL,82,A
ACFHIJKL,85,J
ACFHIJKL,87,L
ACGHIJKL,74,C
ACGHIJKL,77,G
ACGHIJKL,79,H
ACGHIJKL,80,K
ACGHIJKL,81,I
ACGHIJKL,82,A
ACGHIJKL,85,J
ACGHIJKL,87,L
ADEFGHIJ,74,D
ADEFGHIJ,77,F
ADEFGHIJ,79,H
ADEFGHIJ,80,I
ADEFGHIJ,81,J
ADEFGHIJ,82,A
ADEFGHIJ,85,G
ADEFGHIJ,87,E
ADEFGHIK,74,D
ADEFGHIK,77,F
ADEFGHIK,79,H
ADEFGHIK,80,K
ADEFGHIK,81,E
ADEFGHIK,82,A
ADEFGHIK,85,G
ADEFGHIK,87,I
ADEFGHIL,74,D
ADEFGHIL,77,F
ADEFGHIL,79,H
ADEFGHIL,80,I
ADEFGHIL,81,E
ADEFGHIL,82,A
ADEFGHIL,85,G
ADEFGHIL,87,L
ADEFGHJK,74,D
ADEFGHJK,77,F
ADEFGHJK,79,H
ADEFGHJK,80,K
ADEFGHJK,81,J
ADEFGHJK,82,A
ADEFGHJK,85,G
ADEFGHJK,87,E
ADEFGHJL,74,D
ADEFGHJL,77,F
ADEFGHJL,79,H
ADEFGHJL,80,E
ADEFGHJL,81,J
ADEFGHJL,82,A
ADEFGHJL,85,G
ADEFGHJL,87,L
ADEFGHKL,74,D
ADEFGHKL,77,F
ADEFGHKL,79,H
ADEFGHKL,80,K
ADEFGHKL,81,E
ADEFGHKL,82,A
ADEFGHKL,85,G
ADEFGHKL,87,L
ADEFGIJK,74,D
ADEFGIJK,77,F
ADEFGIJK,79,E
ADEFGIJK,80,K
ADEFGIJK,81,J
ADEFGIJK,82,A
ADEFGIJK,85,G
ADEFGIJK,87,I
ADEFGIJL,74,D
ADEFGIJL,77,F
ADEFGIJL,79,E
ADEFGIJL,80,I
ADEFGIJL,81,J
ADEFGIJL,82,A
ADEFGIJL,85,G
ADEFGIJL,87,L
ADEFGIKL,74,D
ADEFGIKL,77,F
ADEFGIKL,79,E
ADEFGIKL,80,K
ADEFGIKL,81,I
ADEFGIKL,82,A
ADEFGIKL,85,G
ADEFGIKL,87,L
ADEFGJKL,74,D
ADEFGJKL,77,F
ADEFGJKL,79,E
ADEFGJKL,80,K
ADEFGJKL,81,J
ADEFGJKL,82,A
ADEFGJKL,85,G
ADEFGJKL,87,L
ADEFHIJK,74,D
ADEFHIJK,77,F
ADEFHIJK,79,H
ADEFHIJK,80,K
ADEFHIJK,81,E
ADEFHIJK,82,A
ADEFHIJK,85,J
ADEFHIJK,87,I
ADEFHIJL,74,D
ADEFHIJL,77,F
ADEFHIJL,79,H
ADEFHIJL,80,I
ADEFHIJL,81,E
ADEFHIJL,82,A
ADEFHIJL,85,J
ADEFHIJL,87,L
ADEFHIKL,74,D
ADEFHIKL,77,F
ADEFHIKL,79,H
ADEFHIKL,80,K
ADEFHIKL,81,I
ADEFHIKL,82,A
ADEFHIKL,85,E
ADEFHIKL,87,L
ADEFHJKL,74,D
ADEFHJKL,77,F
ADEFHJKL,79,H
ADEFHJKL,80,K
ADEFHJKL,81,E
ADEFHJKL,82,A
ADEFHJKL,85,J
ADEFHJKL,87,L
ADEFIJKL,74,D
ADEFIJKL,77,F
ADEFIJKL,79,E
ADEFIJKL,80,K
ADEFIJKL,81,I
ADEFIJKL,82,A
ADEFIJKL,85,J
ADEFIJKL,87,L
ADEGHIJK,74,D
ADEGHIJK,77,H
ADEGHIJK,79,E
ADEGHIJK,80,K
ADEGHIJK,81,J
ADEGHIJK,82,A
ADEGHIJK,85,G
ADEGHIJK,87,I
ADEGHIJL,74,D
ADEGHIJL,77,H
ADEGHIJL,79,E
ADEGHIJL,80,I
ADEGHIJL,81,J
ADEGHIJL,82,A
ADEGHIJL,85,G
ADEGHIJL,87,L
ADEGHIKL,74,D
ADEGHIKL,77,H
ADEGHIKL,79,E
ADEGHIKL,80,K
ADEGHIKL,81,I
ADEGHIKL,82,A
ADEGHIKL,85,G
ADEGHIKL,87,L
ADEGHJKL,74,D
ADEGHJKL,77,H
ADEGHJKL,79,E
ADEGHJKL,80,K
ADEGHJKL,81,J
ADEGHJKL,82,A
ADEGHJKL,85,G
ADEGHJKL,87,L
ADEGIJKL,74,D
ADEGIJKL,77,G
ADEGIJKL,79,E
ADEGIJKL,80,K
ADEGIJKL,81,I
ADEGIJKL,82,A
ADEGIJKL,85,J
ADEGIJKL,87,L
ADEHIJKL,74,D
ADEHIJKL,77,H
ADEHIJKL,79,E
ADEHIJKL,80,K
ADEHIJKL,81,I
ADEHIJKL,82,A
ADEHIJKL,85,J
ADEHIJKL,87,L
ADFGHIJK,74,D
ADFGHIJK,77,F
ADFGHIJK,79,H
ADFGHIJK,80,K
ADFGHIJK,81,J
ADFGHIJK,82,A
ADFGHIJK,85,G
ADFGHIJK,87,I
ADFGHIJL,74,D
ADFGHIJL,77,F
ADFGHIJL,79,H
ADFGHIJL,80,I
ADFGHIJL,81,J
ADFGHIJL,82,A
ADFGHIJL,85,G
ADFGHIJL,87,L
ADFGHIKL,74,D
ADFGHIKL,77,F
ADFGHIKL,79,H
ADFGHIKL,80,K
ADFGHIKL,81,I
ADFGHIKL,82,A
ADFGHIKL,85,G
ADFGHIKL,87,L
ADFGHJKL,74,D
ADFGHJKL,77,F
ADFGHJKL,79,H
ADFGHJKL,80,K
ADFGHJKL,81,J
ADFGHJKL,82,A
ADFGHJKL,85,G
ADFGHJKL,87,L
ADFGIJKL,74,D
ADFGIJKL,77,F
ADFGIJKL,79,I
ADFGIJKL,80,K
ADFGIJKL,81,J
ADFGIJKL,82,A
ADFGIJKL,85,G
ADFGIJKL,87,L
ADFHIJKL,74,D
ADFHIJKL,77,F
ADFHIJKL,79,H
ADFHIJKL,80,K
ADFHIJKL,81,I
ADFHIJKL,82,A
ADFHIJKL,85,J
ADFHIJKL,87,L
ADGHIJKL,74,D
ADGHIJKL,77,G
ADGHIJKL,79,H
ADGHIJKL,80,K
ADGHIJKL,81,I
ADGHIJKL,82,A
ADGHIJKL,85,J
ADGHIJKL,87,L
AEFGHIJK,74,F
AEFGHIJK,77,H
AEFGHIJK,79,E
AEFGHIJK,80,K
AEFGHIJK,81,J
AEFGHIJK,82,A
AEFGHIJK,85,G
AEFGHIJK,87,I
AEFGHIJL,74,F
AEFGHIJL,77,H
AEFGHIJL,79,E
AEFGHIJL,80,I
AEFGHIJL,81,J
AEFGHIJL,82,A
AEFGHIJL,85,G
AEFGHIJL,87,L
AEFGHIKL,74,F
AEFGHIKL,77,H
AEFGHIKL,79,E
AEFGHIKL,80,K
AEFGHIKL,81,I
AEFGHIKL,82,A
AEFGHIKL,85,G
AEFGHIKL,87,L
AEFGHJKL,74,F
AEFGHJKL,77,H
AEFGHJKL,79,E
AEFGHJKL,80,K
AEFGHJKL,81,J
AEFGHJKL,82,A
AEFGHJKL,85,G
AEFGHJKL,87,L
AEFGIJKL,74,F
AEFGIJKL,77,G
AEFGIJKL,79,E
AEFGIJKL,80,K
AEFGIJKL,81,I
AEFGIJKL,82,A
AEFGIJKL,85,J
AEFGIJKL,87,L
AEFHIJKL,74,F
AEFHIJKL,77,H
AEFHIJKL,79,E
AEFHIJKL,80,K
AEFHIJKL,81,I
AEFHIJKL,82,A
AEFHIJKL,85,J
AEFHIJKL,87,L
AEGHIJKL,74,A
AEGHIJKL,77,G
AEGHIJKL,79,E
AEGHIJKL,80,K
AEGHIJKL,81,I
AEGHIJKL,82,H
AEGHIJKL,85,J
AEGHIJKL,87,L
AFGHIJKL,74,F
AFGHIJKL,77,G
AFGHIJKL,79,H
AFGHIJKL,80,K
AFGHIJKL,81,I
AFGHIJKL,82,A
AFGHIJKL,85,J
AFGHIJKL,87,L
BCDEFGHI,74,D
BCDEFGHI,77,F
BCDEFGHI,79,C
BCDEFGHI,80,I
BCDEFGHI,81,B
BCDEFGHI,82,H
BCDEFGHI,85,G
BCDEFGHI,87,E
BCDEFGHJ,74,C
BCDEFGHJ,77,F
BCDEFGHJ,79,H
BCDEFGHJ,80,E
BCDEFGHJ,81,B
BCDEFGHJ,82,J
BCDEFGHJ,85,G
BCDEFGHJ,87,D
BCDEFGHK,74,D
BCDEFGHK,77,F
BCDEFGHK,79,C
BCDEFGHK,80,K
BCDEFGHK,81,B
BCDEFGHK,82,H
BCDEFGHK,85,G
BCDEFGHK,87,E
BCDEFGHL,74,D
BCDEFGHL,77,F
BCDEFGHL,79,C
BCDEFGHL,80,E
BCDEFGHL,81,B
BCDEFGHL,82,H
BCDEFGHL,85,G
BCDEFGHL,87,L
BCDEFGIJ,74,D
BCDEFGIJ,77,F
BCDEFGIJ,79,C
BCDEFGIJ,80,I
BCDEFGIJ,81,B
BCDEFGIJ,82,J
BCDEFGIJ,85,G
BCDEFGIJ,87,E
BCDEFGIK,74,D
BCDEFGIK,77,F
BCDEFGIK,79,C
BCDEFGIK,80,K
BCDEFGIK,81,B
BCDEFGIK,82,E
BCDEFGIK,85,G
BCDEFGIK,87,I
BCDEFGIL,74,D
BCDEFGIL,77,F
BCDEFGIL,79,C
BCDEFGIL,80,I
BCDEFGIL,81,B
BCDEFGIL,82,E
BCDEFGIL,85,G
BCDEFGIL,87,L
BCDEFGJK,74,D
BCDEFGJK,77,F
BCDEFGJK,79,C
BCDEFGJK,80,K
BCDEFGJK,81,B
BCDEFGJK,82,J
BCDEFGJK,85,G
BCDEFGJK,87,E
BCDEFGJL,74,D
BCDEFGJL,77,F
BCDEFGJL,79,C
BCDEFGJL,80,E
BCDEFGJL,81,B
BCDEFGJL,82,J
BCDEFGJL,85,G
BCDEFGJL,87,L
BCDEFGKL,74,D
BCDEFGKL,77,F
BCDEFGKL,79,C
BCDEFGKL,80,K
BCDEFGKL,81,B
BCDEFGKL,82,E
BCDEFGKL,85,G
BCDEFGKL,87,L
BCDEFHIJ,74,D
BCDEFHIJ,77,F
BCDEFHIJ,79,C
BCDEFHIJ,80,I
BCDEFHIJ,81,B
BCDEFHIJ,82,H
BCDEFHIJ,85,J
BCDEFHIJ,87,E
BCDEFHIK,74,D
BCDEFHIK,77,F
BCDEFHIK,79,C
BCDEFHIK,80,K
BCDEFHIK,81,B
BCDEFHIK,82,H
BCDEFHIK,85,E
BCDEFHIK,87,I
BCDEFHIL,74,D
BCDEFHIL,77,F
BCDEFHIL,79,C
BCDEFHIL,80,I
BCDEFHIL,81,B
BCDEFHIL,82,H
BCDEFHIL,85,E
BCDEFHIL,87,L
BCDEFHJK,74,D
BCDEFHJK,77,F
BCDEFHJK,79,C
BCDEFHJK,80,K
BCDEFHJK,81,B
BCDEFHJK,82,H
BCDEFHJK,85,J
BCDEFHJK,87,E
BCDEFHJL,74,D
BCDEFHJL,77,F
BCDEFHJL,79,C
BCDEFHJL,80,E
BCDEFHJL,81,B
BCDEFHJL,82,H
BCDEFHJL,85,J
BCDEFHJL,87,L
BCDEFHKL,74,D
BCDEFHKL,77,F
BCDEFHKL,79,C
BCDEFHKL,80,K
BCDEFHKL,81,B
BCDEFHKL,82,H
BCDEFHKL,85,E
BCDEFHKL,87,L
BCDEFIJK,74,D
BCDEFIJK,77,F
BCDEFIJK,79,C
BCDEFIJK,80,K
BCDEFIJK,81,B
BCDEFIJK,82,E
BCDEFIJK,85,J
BCDEFIJK,87,I
BCDEFIJL,74,D
BCDEFIJL,77,F
BCDEFIJL,79,C
BCDEFIJL,80,I
BCDEFIJL,81,B
BCDEFIJL,82,E
BCDEFIJL,85,J
BCDEFIJL,87,L
BCDEFIKL,74,D
BCDEFIKL,77,F
BCDEFIKL,79,C
BCDEFIKL,80,K
BCDEFIKL,81,B
BCDEFIKL,82,I
BCDEFIKL,85,E
BCDEFIKL,87,L
BCDEFJKL,74,D
BCDEFJKL,77,F
BCDEFJKL,79,C
BCDEFJKL,80,K
BCDEFJKL,81,B
BCDEFJKL,82,E
BCDEFJKL,85,J
BCDEFJKL,87,L
BCDEGHIJ,74,C
BCDEGHIJ,77,D
BCDEGHIJ,79,H
BCDEGHIJ,80,I
BCDEGHIJ,81,B
BCDEGHIJ,82,J
BCDEGHIJ,85,G
BCDEGHIJ,87,E
BCDEGHIK,74,C
BCDEGHIK,77,D
BCDEGHIK,79,E
BCDEGHIK,80,K
BCDEGHIK,81,B
BCDEGHIK,82,H
BCDEGHIK,85,G
BCDEGHIK,87,I
BCDEGHIL,74,C
BCDEGHIL,77,D
BCDEGHIL,79,E
BCDEGHIL,80,I
BCDEGHIL,81,B
BCDEGHIL,82,H
BCDEGHIL,85,G
BCDEGHIL,87,L
BCDEGHJK,74,C
BCDEGHJK,77,D
BCDEGHJK,79,H
BCDEGHJK,80,K
BCDEGHJK,81,B
BCDEGHJK,82,J
BCDEGHJK,85,G
BCDEGHJK,87,E
BCDEGHJL,74,C
BCDEGHJL,77,D
BCDEGHJL,79,H
BCDEGHJL,80,E
BCDEGHJL,81,B
BCDEGHJL,82,J
BCDEGHJL,85,G
BCDEGHJL,87,L
BCDEGHKL,74,C
BCDEGHKL,77,D
BCDEGHKL,79,E
BCDEGHKL,80,K
BCDEGHKL,81,B
BCDEGHKL,82,H
BCDEGHKL,85,G
BCDEGHKL,87,L
BCDEGIJK,74,C
BCDEGIJK,77,D
BCDEGIJK,79,E
BCDEGIJK,80,K
BCDEGIJK,81,B
BCDEGIJK,82,J
BCDEGIJK,85,G
BCDEGIJK,87,I
BCDEGIJL,74,C
BCDEGIJL,77,D
BCDEGIJL,79,E
BCDEGIJL,80,I
BCDEGIJL,81,B
BCDEGIJL,82,J
BCDEGIJL,85,G
BCDEGIJL,87,L
BCDEGIKL,74,C
BCDEGIKL,77,D
BCDEGIKL,79,E
BCDEGIKL,80,K
BCDEGIKL,81,B
BCDEGIKL,82,I
BCDEGIKL,85,G
BCDEGIKL,87,L
BCDEGJKL,74,C
BCDEGJKL,77,D
BCDEGJKL,79,E
BCDEGJKL,80,K
BCDEGJKL,81,B
BCDEGJKL,82,J
BCDEGJKL,85,G
BCDEGJKL,87,L
BCDEHIJK,74,C
BCDEHIJK,77,D
BCDEHIJK,79,E
BCDEHIJK,80,K
BCDEHIJK,81,B
BCDEHIJK,82,H
BCDEHIJK,85,J
BCDEHIJK,87,I
BCDEHIJL,74,C
BCDEHIJL,77,D
BCDEHIJL,79,E
BCDEHIJL,80,I
BCDEHIJL,81,B
BCDEHIJL,82,H
BCDEHIJL,85,J
BCDEHIJL,87,L
BCDEHIKL,74,C
BCDEHIKL,77,D
BCDEHIKL,79,E
BCDEHIKL,80,K
BCDEHIKL,81,B
BCDEHIKL,82,H
BCDEHIKL,85,I
BCDEHIKL,87,L
BCDEHJKL,74,C
BCDEHJKL,77,D
BCDEHJKL,79,E
BCDEHJKL,80,K
BCDEHJKL,81,B
BCDEHJKL,82,H
BCDEHJKL,85,J
BCDEHJKL,87,L
BCDEIJKL,74,C
BCDEIJKL,77,D
BCDEIJKL,79,E
BCDEIJKL,80,K
BCDEIJKL,81,B
BCDEIJKL,82,I
BCDEIJKL,85,J
BCDEIJKL,87,L
BCDFGHIJ,74,C
BCDFGHIJ,77,F
BCDFGHIJ,79,H
BCDFGHIJ,80,I
BCDFGHIJ,81,B
BCDFGHIJ,82,J
BCDFGHIJ,85,G
BCDFGHIJ,87,D
BCDFGHIK,74,D
BCDFGHIK,77,F
BCDFGHIK,79,C
BCDFGHIK,80,K
BCDFGHIK,81,B
BCDFGHIK,82,H
BCDFGHIK,85,G
BCDFGHIK,87,I
BCDFGHIL,74,D
BCDFGHIL,77,F
BCDFGHIL,79,C
BCDFGHIL,80,I
BCDFGHIL,81,B
BCDFGHIL,82,H
BCDFGHIL,85,G
BCDFGHIL,87,L
BCDFGHJK,74,C
BCDFGHJK,77,F
BCDFGHJK,79,H
BCDFGHJK,80,K
BCDFGHJK,81,B
BCDFGHJK,82,J
BCDFGHJK,85,G
BCDFGHJK,87,D
BCDFGHJL,74,D
BCDFGHJL,77,F
BCDFGHJL,79,C
BCDFGHJL,80,J
BCDFGHJL,81,B
BCDFGHJL,82,H
BCDFGHJL,85,G
BCDFGHJL,87,L
BCDFGHKL,74,D
BCDFGHKL,77,F
BCDFGHKL,79,C
BCDFGHKL,80,K
BCDFGHKL,81,B
BCDFGHKL,82,H
BCDFGHKL,85,G
BCDFGHKL,87,L
BCDFGIJK,74,D
BCDFGIJK,77,F
BCDFGIJK,79,C
BCDFGIJK,80,K
BCDFGIJK,81,B
BCDFGIJK,82,J
BCDFGIJK,85,G
BCDFGIJK,87,I
BCDFGIJL,74,D
BCDFGIJL,77,F
BCDFGIJL,79,C
BCDFGIJL,80,I
BCDFGIJL,81,B
BCDFGIJL,82,J
BCDFGIJL,85,G
BCDFGIJL,87,L
BCDFGIKL,74,D
BCDFGIKL,77,F
BCDFGIKL,79,C
BCDFGIKL,80,K
BCDFGIKL,81,B
BCDFGIKL,82,I
BCDFGIKL,85,G
BCDFGIKL,87,L
BCDFGJKL,74,D
BCDFGJKL,77,F
BCDFGJKL,79,C
BCDFGJKL,80,K
BCDFGJKL,81,B
BCDFGJKL,82,J
BCDFGJKL,85,G
BCDFGJKL,87,L
BCDFHIJK,74,D
BCDFHIJK,77,F
BCDFHIJK,79,C
BCDFHIJK,80,K
BCDFHIJK,81,B
BCDFHIJK,82,H
BCDFHIJK,85,J
BCDFHIJK,87,I
BCDFHIJL,74,D
BCDFHIJL,77,F
BCDFHIJL,79,C
BCDFHIJL,80,I
BCDFHIJL,81,B
BCDFHIJL,82,H
BCDFHIJL,85,J
BCDFHIJL,87,L
BCDFHIKL,74,D
BCDFHIKL,77,F
BCDFHIKL,79,C
BCDFHIKL,80,K
BCDFHIKL,81,B
BCDFHIKL,82,H
BCDFHIKL,85,I
BCDFHIKL,87,L
BCDFHJKL,74,D
BCDFHJKL,77,F
BCDFHJKL,79,C
BCDFHJKL,80,K
BCDFHJKL,81,B
BCDFHJKL,82,H
BCDFHJKL,85,J
BCDFHJKL,87,L
BCDFIJKL,74,D
BCDFIJKL,77,F
BCDFIJKL,79,C
BCDFIJKL,80,K
BCDFIJKL,81,B
BCDFIJKL,82,I
BCDFIJKL,85,J
BCDFIJKL,87,L
BCDGHIJK,74,C
BCDGHIJK,77,D
BCDGHIJK,79,H
BCDGHIJK,80,K
BCDGHIJK,81,B
BCDGHIJK,82,J
BCDGHIJK,85,G
BCDGHIJK,87,I
BCDGHIJL,74,C
BCDGHIJL,77,D
BCDGHIJL,79,H
BCDGHIJL,80,I
BCDGHIJL,81,B
BCDGHIJL,82,J
BCDGHIJL,85,G
BCDGHIJL,87,L
BCDGHIKL,74,C
BCDGHIKL,77,D
BCDGHIKL,79,H
BCDGHIKL,80,K
BCDGHIKL,81,B
BCDGHIKL,82,I
BCDGHIKL,85,G
BCDGHIKL,87,L
BCDGHJKL,74,C
BCDGHJKL,77,D
BCDGHJKL,79,H
BCDGHJKL,80,K
BCDGHJKL,81,B
BCDGHJKL,82,J
BCDGHJKL,85,G
BCDGHJKL,87,L
BCDGIJKL,74,C
BCDGIJKL,77,D
BCDGIJKL,79,I
BCDGIJKL,80,K
BCDGIJKL,81,B
BCDGIJKL,82,J
BCDGIJKL,85,G
BCDGIJKL,87,L
BCDHIJKL,74,C
BCDHIJKL,77,D
BCDHIJKL,79,H
BCDHIJKL,80,K
BCDHIJKL,81,B
BCDHIJKL,82,I
BCDHIJKL,85,J
BCDHIJKL,87,L
BCEFGHIJ,74,C
BCEFGHIJ,77,F
BCEFGHIJ,79,H
BCEFGHIJ,80,I
BCEFGHIJ,81,B
BCEFGHIJ,82,J
BCEFGHIJ,85,G
BCEFGHIJ,87,E
BCEFGHIK,74,C
BCEFGHIK,77,F
BCEFGHIK,79,E
BCEFGHIK,80,K
BCEFGHIK,81,B
BCEFGHIK,82,H
BCEFGHIK,85,G
BCEFGHIK,87,I
BCEFGHIL,74,C
BCEFGHIL,77,F
BCEFGHIL,79,E
BCEFGHIL,80,I
BCEFGHIL,81,B
BCEFGHIL,82,H
BCEFGHIL,85,G
BCEFGHIL,87,L
BCEFGHJK,74,C
BCEFGHJK,77,F
BCEFGHJK,79,H
BCEFGHJK,80,K
BCEFGHJK,81,B
BCEFGHJK,82,J
BCEFGHJK,85,G
BCEFGHJK,87,E
BCEFGHJL,74,C
BCEFGHJL,77,F
BCEFGHJL,79,H
BCEFGHJL,80,E
BCEFGHJL,81,B
BCEFGHJL,82,J
BCEFGHJL,85,G
BCEFGHJL,87,L
BCEFGHKL,74,C
BCEFGHKL,77,F
BCEFGHKL,79,E
BCEFGHKL,80,K
BCEFGHKL,81,B
BCEFGHKL,82,H
BCEFGHKL,85,G
BCEFGHKL,87,L
BCEFGIJK,74,C
BCEFGIJK,77,F
BCEFGIJK,79,E
BCEFGIJK,80,K
BCEFGIJK,81,B
BCEFGIJK,82,J
BCEFGIJK,85,G
BCEFGIJK,87,I
BCEFGIJL,74,C
BCEFGIJL,77,F
BCEFGIJL,79,E
BCEFGIJL,80,I
BCEFGIJL,81,B
BCEFGIJL,82,J
BCEFGIJL,85,G
BCEFGIJL,87,L
BCEFGIKL,74,C
BCEFGIKL,77,F
BCEFGIKL,79,E
BCEFGIKL,80,K
BCEFGIKL,81,B
BCEFGIKL,82,I
BCEFGIKL,85,G
BCEFGIKL,87,L
BCEFGJKL,74,C
BCEFGJKL,77,F
BCEFGJKL,79,E
BCEFGJKL,80,K
BCEFGJKL,81,B
BCEFGJKL,82,J
BCEFGJKL,85,G
BCEFGJKL,87,L
BCEFHIJK,74,C
BCEFHIJK,77,F
BCEFHIJK,79,E
BCEFHIJK,80,K
BCEFHIJK,81,B
BCEFHIJK,82,H
BCEFHIJK,85,J
BCEFHIJK,87,I
BCEFHIJL,74,C
BCEFHIJL,77,F
BCEFHIJL,79,E
BCEFHIJL,80,I
BCEFHIJL,81,B
BCEFHIJL,82,H
BCEFHIJL,85,J
BCEFHIJL,87,L
BCEFHIKL,74,C
BCEFHIKL,77,F
BCEFHIKL,79,E
BCEFHIKL,80,K
BCEFHIKL,81,B
BCEFHIKL,82,H
BCEFHIKL,85,I
BCEFHIKL,87,L
BCEFHJKL,74,C
BCEFHJKL,77,F
BCEFHJKL,79,E
BCEFHJKL,80,K
BCEFHJKL,81,B
BCEFHJKL,82,H
BCEFHJKL,85,J
BCEFHJKL,87,L
BCEFIJKL,74,C
BCEFIJKL,77,F
BCEFIJKL,79,E
BCEFIJKL,80,K
BCEFIJKL,81,B
BCEFIJKL,82,I
BCEFIJKL,85,J
BCEFIJKL,87,L
BCEGHIJK,74,C
BCEGHIJK,77,G
BCEGHIJK,79,E
BCEGHIJK,80,K
BCEGHIJK,81,B
BCEGHIJK,82,H
BCEGHIJK,85,J
BCEGHIJK,87,I
BCEGHIJL,74,C
BCEGHIJL,77,G
BCEGHIJL,79,E
BCEGHIJL,80,I
BCEGHIJL,81,B
BCEGHIJL,82,H
BCEGHIJL,85,J
BCEGHIJL,87,L
BCEGHIKL,74,C
BCEGHIKL,77,H
BCEGHIKL,79,E
BCEGHIKL,80,K
BCEGHIKL,81,B
BCEGHIKL,82,I
BCEGHIKL,85,G
BCEGHIKL,87,L
BCEGHJKL,74,C
BCEGHJKL,77,G
BCEGHJKL,79,E
BCEGHJKL,80,K
BCEGHJKL,81,B
BCEGHJKL,82,H
BCEGHJKL,85,J
BCEGHJKL,87,L
BCEGIJKL,74,C
BCEGIJKL,77,G
BCEGIJKL,79,E
BCEGIJKL,80,K
BCEGIJKL,81,B
BCEGIJKL,82,I
BCEGIJKL,85,J
BCEGIJKL,87,L
BCEHIJKL,74,C
BCEHIJKL,77,H
BCEHIJKL,79,E
BCEHIJKL,80,K
BCEHIJKL,81,B
BCEHIJKL,82,I
BCEHIJKL,85,J
BCEHIJKL,87,L
BCFGHIJK,74,C
BCFGHIJK,77,F
BCFGHIJK,79,H
BCFGHIJK,80,K
BCFGHIJK,81,B
BCFGHIJK,82,J
BCFGHIJK,85,G
BCFGHIJK,87,I
BCFGHIJL,74,C
BCFGHIJL,77,F
BCFGHIJL,79,H
BCFGHIJL,80,I
BCFGHIJL,81,B
BCFGHIJL,82,J
BCFGHIJL,85,G
BCFGHIJL,87,L
BCFGHIKL,74,C
BCFGHIKL,77,F
BCFGHIKL,79,H
BCFGHIKL,80,K
BCFGHIKL,81,B
BCFGHIKL,82,I
BCFGHIKL,85,G
BCFGHIKL,87,L
BCFGHJKL,74,C
BCFGHJKL,77,F
BCFGHJKL,79,H
BCFGHJKL,80,K
BCFGHJKL,81,B
BCFGHJKL,82,J
BCFGHJKL,85,G
BCFGHJKL,87,L
BCFGIJKL,74,C
BCFGIJKL,77,F
BCFGIJKL,79,I
BCFGIJKL,80,K
BCFGIJKL,81,B
BCFGIJKL,82,J
BCFGIJKL,85,G
BCFGIJKL,87,L
BCFHIJKL,74,C
BCFHIJKL,77,F
BCFHIJKL,79,H
BCFHIJKL,80,K
BCFHIJKL,81,B
BCFHIJKL,82,I
BCFHIJKL,85,J
BCFHIJKL,87,L
BCGHIJKL,74,C
BCGHIJKL,77,G
BCGHIJKL,79,H
BCGHIJKL,80,K
BCGHIJKL,81,B
BCGHIJKL,82,I
BCGHIJKL,85,J
BCGHIJKL,87,L
BDEFGHIJ,74,D
BDEFGHIJ,77,F
BDEFGHIJ,79,H
BDEFGHIJ,80,I
BDEFGHIJ,81,B
BDEFGHIJ,82,J
BDEFGHIJ,85,G
BDEFGHIJ,87,E
BDEFGHIK,74,D
BDEFGHIK,77,F
BDEFGHIK,79,E
BDEFGHIK,80,K
BDEFGHIK,81,B
BDEFGHIK,82,H
BDEFGHIK,85,G
BDEFGHIK,87,I
BDEFGHIL,74,D
BDEFGHIL,77,F
BDEFGHIL,79,E
BDEFGHIL,80,I
BDEFGHIL,81,B
BDEFGHIL,82,H
BDEFGHIL,85,G
BDEFGHIL,87,L
BDEFGHJK,74,D
BDEFGHJK,77,F
BDEFGHJK,79,H
BDEFGHJK,80,K
BDEFGHJK,81,B
BDEFGHJK,82,J
BDEFGHJK,85,G
BDEFGHJK,87,E
BDEFGHJL,74,D
BDEFGHJL,77,F
BDEFGHJL,79,H
BDEFGHJL,80,E
BDEFGHJL,81,B
BDEFGHJL,82,J
BDEFGHJL,85,G
BDEFGHJL,87,L
BDEFGHKL,74,D
BDEFGHKL,77,F
BDEFGHKL,79,E
BDEFGHKL,80,K
BDEFGHKL,81,B
BDEFGHKL,82,H
BDEFGHKL,85,G
BDEFGHKL,87,L
BDEFGIJK,74,D
BDEFGIJK,77,F
BDEFGIJK,79,E
BDEFGIJK,80,K
BDEFGIJK,81,B
BDEFGIJK,82,J
BDEFGIJK,85,G
BDEFGIJK,87,I
BDEFGIJL,74,D
BDEFGIJL,77,F
BDEFGIJL,79,E
BDEFGIJL,80,I
BDEFGIJL,81,B
BDEFGIJL,82,J
BDEFGIJL,85,G
BDEFGIJL,87,L
BDEFGIKL,74,D
BDEFGIKL,77,F
BDEFGIKL,79,E
BDEFGIKL,80,K
BDEFGIKL,81,B
BDEFGIKL,82,I
BDEFGIKL,85,G
BDEFGIKL,87,L
BDEFGJKL,74,D
BDEFGJKL,77,F
BDEFGJKL,79,E
BDEFGJKL,80,K
BDEFGJKL,81,B
BDEFGJKL,82,J
BDEFGJKL,85,G
BDEFGJKL,87,L
BDEFHIJK,74,D
BDEFHIJK,77,F
BDEFHIJK,79,E
BDEFHIJK,80,K
BDEFHIJK,81,B
BDEFHIJK,82,H
BDEFHIJK,85,J
BDEFHIJK,87,I
BDEFHIJL,74,D
BDEFHIJL,77,F
BDEFHIJL,79,E
BDEFHIJL,80,I
BDEFHIJL,81,B
BDEFHIJL,82,H
BDEFHIJL,85,J
BDEFHIJL,87,L
BDEFHIKL,74,D
BDEFHIKL,77,F
BDEFHIKL,79,E
BDEFHIKL,80,K
BDEFHIKL,81,B
BDEFHIKL,82,H
BDEFHIKL,85,I
BDEFHIKL,87,L
BDEFHJKL,74,D
BDEFHJKL,77,F
BDEFHJKL,79,E
BDEFHJKL,80,K
BDEFHJKL,81,B
BDEFHJKL,82,H
BDEFHJKL,85,J
BDEFHJKL,87,L
BDEFIJKL,74,D
BDEFIJKL,77,F
BDEFIJKL,79,E
BDEFIJKL,80,K
BDEFIJKL,81,B
BDEFIJKL,82,I
BDEFIJKL,85,J
BDEFIJKL,87,L
BDEGHIJK,74,D
BDEGHIJK,77,G
BDEGHIJK,79,E
BDEGHIJK,80,K
BDEGHIJK,81,B
BDEGHIJK,82,H
BDEGHIJK,85,J
BDEGHIJK,87,I
BDEGHIJL,74,D
BDEGHIJL,77,G
BDEGHIJL,79,E
BDEGHIJL,80,I
BDEGHIJL,81,B
BDEGHIJL,82,H
BDEGHIJL,85,J
BDEGHIJL,87,L
BDEGHIKL,74,D
BDEGHIKL,77,H
BDEGHIKL,79,E
BDEGHIKL,80,K
BDEGHIKL,81,B
BDEGHIKL,82,I
BDEGHIKL,85,G
BDEGHIKL,87,L
BDEGHJKL,74,D
BDEGHJKL,77,G
BDEGHJKL,79,E
BDEGHJKL,80,K
BDEGHJKL,81,B
BDEGHJKL,82,H
BDEGHJKL,85,J
BDEGHJKL,87,L
BDEGIJKL,74,D
BDEGIJKL,77,G
BDEGIJKL,79,E
BDEGIJKL,80,K
BDEGIJKL,81,B
BDEGIJKL,82,I
BDEGIJKL,85,J
BDEGIJKL,87,L
BDEHIJKL,74,D
BDEHIJKL,77,H
BDEHIJKL,79,E
BDEHIJKL,80,K
BDEHIJKL,81,B
BDEHIJKL,82,I
BDEHIJKL,85,J
BDEHIJKL,87,L
BDFGHIJK,74,D
BDFGHIJK,77,F
BDFGHIJK,79,H
BDFGHIJK,80,K
BDFGHIJK,81,B
BDFGHIJK,82,J
BDFGHIJK,85,G
BDFGHIJK,87,I
BDFGHIJL,74,D
BDFGHIJL,77,F
BDFGHIJL,79,H
BDFGHIJL,80,I
BDFGHIJL,81,B
BDFGHIJL,82,J
BDFGHIJL,85,G
BDFGHIJL,87,L
BDFGHIKL,74,D
BDFGHIKL,77,F
BDFGHIKL,79,H
BDFGHIKL,80,K
BDFGHIKL,81,B
BDFGHIKL,82,I
BDFGHIKL,85,G
BDFGHIKL,87,L
BDFGHJKL,74,D
BDFGHJKL,77,F
BDFGHJKL,79,H
BDFGHJKL,80,K
BDFGHJKL,81,B
BDFGHJKL,82,J
BDFGHJKL,85,G
BDFGHJKL,87,L
BDFGIJKL,74,D
BDFGIJKL,77,F
BDFGIJKL,79,I
BDFGIJKL,80,K
BDFGIJKL,81,B
BDFGIJKL,82,J
BDFGIJKL,85,G
BDFGIJKL,87,L
BDFHIJKL,74,D
BDFHIJKL,77,F
BDFHIJKL,79,H
BDFHIJKL,80,K
BDFHIJKL,81,B
BDFHIJKL,82,I
BDFHIJKL,85,J
BDFHIJKL,87,L
BDGHIJKL,74,D
BDGHIJKL,77,G
BDGHIJKL,79,H
BDGHIJKL,80,K
BDGHIJKL,81,B
BDGHIJKL,82,I
BDGHIJKL,85,J
BDGHIJKL,87,L
BEFGHIJK,74,F
BEFGHIJK,77,G
BEFGHIJK,79,E
BEFGHIJK,80,K
BEFGHIJK,81,B
BEFGHIJK,82,H
BEFGHIJK,85,J
BEFGHIJK,87,I
BEFGHIJL,74,F
BEFGHIJL,77,G
BEFGHIJL,79,E
BEFGHIJL,80,I
BEFGHIJL,81,B
BEFGHIJL,82,H
BEFGHIJL,85,J
BEFGHIJL,87,L
BEFGHIKL,74,F
BEFGHIKL,77,H
BEFGHIKL,79,E
BEFGHIKL,80,K
BEFGHIKL,81,B
BEFGHIKL,82,I
BEFGHIKL,85,G
BEFGHIKL,87,L
BEFGHJKL,74,F
BEFGHJKL,77,G
BEFGHJKL,79,E
BEFGHJKL,80,K
BEFGHJKL,81,B
BEFGHJKL,82,H
BEFGHJKL,85,J
BEFGHJKL,87,L
BEFGIJKL,74,F
BEFGIJKL,77,G
BEFGIJKL,79,E
BEFGIJKL,80,K
BEFGIJKL,81,B
BEFGIJKL,82,I
BEFGIJKL,85,J
BEFGIJKL,87,L
BEFHIJKL,74,F
BEFHIJKL,77,H
BEFHIJKL,79,E
BEFHIJKL,80,K
BEFHIJKL,81,B
BEFHIJKL,82,I
BEFHIJKL,85,J
BEFHIJKL,87,L
BEGHIJKL,74,B
BEGHIJKL,77,G
BEGHIJKL,79,E
BEGHIJKL,80,K
BEGHIJKL,81,I
BEGHIJKL,82,H
BEGHIJKL,85,J
BEGHIJKL,87,L
BFGHIJKL,74,F
BFGHIJKL,77,G
BFGHIJKL,79,H
BFGHIJKL,80,K
BFGHIJKL,81,B
BFGHIJKL,82,I
BFGHIJKL,85,J
BFGHIJKL,87,L
CDEFGHIJ,74,D
CDEFGHIJ,77,F
CDEFGHIJ,79,C
CDEFGHIJ,80,I
CDEFGHIJ,81,J
CDEFGHIJ,82,H
CDEFGHIJ,85,G
CDEFGHIJ,87,E
CDEFGHIK,74,D
CDEFGHIK,77,F
CDEFGHIK,79,C
CDEFGHIK,80,K
CDEFGHIK,81,E
CDEFGHIK,82,H
CDEFGHIK,85,G
CDEFGHIK,87,I
CDEFGHIL,74,D
CDEFGHIL,77,F
CDEFGHIL,79,C
CDEFGHIL,80,I
CDEFGHIL,81,E
CDEFGHIL,82,H
CDEFGHIL,85,G
CDEFGHIL,87,L
CDEFGHJK,74,D
CDEFGHJK,77,F
CDEFGHJK,79,C
CDEFGHJK,80,K
CDEFGHJK,81,J
CDEFGHJK,82,H
CDEFGHJK,85,G
CDEFGHJK,87,E
CDEFGHJL,74,D
CDEFGHJL,77,F
CDEFGHJL,79,C
CDEFGHJL,80,E
CDEFGHJL,81,J
CDEFGHJL,82,H
CDEFGHJL,85,G
CDEFGHJL,87,L
CDEFGHKL,74,D
CDEFGHKL,77,F
CDEFGHKL,79,C
CDEFGHKL,80,K
CDEFGHKL,81,E
CDEFGHKL,82,H
CDEFGHKL,85,G
CDEFGHKL,87,L
CDEFGIJK,74,D
CDEFGIJK,77,F
CDEFGIJK,79,C
CDEFGIJK,80,K
CDEFGIJK,81,E
CDEFGIJK,82,J
CDEFGIJK,85,G
CDEFGIJK,87,I
CDEFGIJL,74,D
CDEFGIJL,77,F
CDEFGIJL,79,C
CDEFGIJL,80,I
CDEFGIJL,81,E
CDEFGIJL,82,J
CDEFGIJL,85,G
CDEFGIJL,87,L
CDEFGIKL,74,D
CDEFGIKL,77,F
CDEFGIKL,79,C
CDEFGIKL,80,K
CDEFGIKL,81,E
CDEFGIKL,82,I
CDEFGIKL,85,G
CDEFGIKL,87,L
CDEFGJKL,74,D
CDEFGJKL,77,F
CDEFGJKL,79,C
CDEFGJKL,80,K
CDEFGJKL,81,E
CDEFGJKL,82,J
CDEFGJKL,85,G
CDEFGJKL,87,L
CDEFHIJK,74,D
CDEFHIJK,77,F
CDEFHIJK,79,C
CDEFHIJK,80,K
CDEFHIJK,81,E
CDEFHIJK,82,H
CDEFHIJK,85,J
CDEFHIJK,87,I
CDEFHIJL,74,D
CDEFHIJL,77,F
CDEFHIJL,79,C
CDEFHIJL,80,I
CDEFHIJL,81,E
CDEFHIJL,82,H
CDEFHIJL,85,J
CDEFHIJL,87,L
CDEFHIKL,74,D
CDEFHIKL,77,F
CDEFHIKL,79,C
CDEFHIKL,80,K
CDEFHIKL,81,I
CDEFHIKL,82,H
CDEFHIKL,85,E
CDEFHIKL,87,L
CDEFHJKL,74,D
CDEFHJKL,77,F
CDEFHJKL,79,C
CDEFHJKL,80,K
CDEFHJKL,81,E
CDEFHJKL,82,H
CDEFHJKL,85,J
CDEFHJKL,87,L
CDEFIJKL,74,D
CDEFIJKL,77,F
CDEFIJKL,79,C
CDEFIJKL,80,K
CDEFIJKL,81,E
CDEFIJKL,82,I
CDEFIJKL,85,J
CDEFIJKL,87,L
CDEGHIJK,74,C
CDEGHIJK,77,D
CDEGHIJK,79,E
CDEGHIJK,80,K
CDEGHIJK,81,J
CDEGHIJK,82,H
CDEGHIJK,85,G
CDEGHIJK,87,I
CDEGHIJL,74,C
CDEGHIJL,77,D
CDEGHIJL,79,E
CDEGHIJL,80,I
CDEGHIJL,81,J
CDEGHIJL,82,H
CDEGHIJL,85,G
CDEGHIJL,87,L
CDEGHIKL,74,C
CDEGHIKL,77,D
CDEGHIKL,79,E
CDEGHIKL,80,K
CDEGHIKL,81,I
CDEGHIKL,82,H
CDEGHIKL,85,G
CDEGHIKL,87,L
CDEGHJKL,74,C
CDEGHJKL,77,D
CDEGHJKL,79,E
CDEGHJKL,80,K
CDEGHJKL,81,J
CDEGHJKL,82,H
CDEGHJKL,85,G
CDEGHJKL,87,L
CDEGIJKL,74,C
CDEGIJKL,77,D
CDEGIJKL,79,E
CDEGIJKL,80,K
CDEGIJKL,81,I
CDEGIJKL,82,J
CDEGIJKL,85,G
CDEGIJKL,87,L
CDEHIJKL,74,C
CDEHIJKL,77,D
CDEHIJKL,79,E
CDEHIJKL,80,K
CDEHIJKL,81,I
CDEHIJKL,82,H
CDEHIJKL,85,J
CDEHIJKL,87,L
CDFGHIJK,74,D
CDFGHIJK,77,F
CDFGHIJK,79,C
CDFGHIJK,80,K
CDFGHIJK,81,J
CDFGHIJK,82,H
CDFGHIJK,85,G
CDFGHIJK,87,I
CDFGHIJL,74,D
CDFGHIJL,77,F
CDFGHIJL,79,C
CDFGHIJL,80,I
CDFGHIJL,81,J
CDFGHIJL,82,H
CDFGHIJL,85,G
CDFGHIJL,87,L
CDFGHIKL,74,D
CDFGHIKL,77,F
CDFGHIKL,79,C
CDFGHIKL,80,K
CDFGHIKL,81,I
CDFGHIKL,82,H
CDFGHIKL,85,G
CDFGHIKL,87,L
CDFGHJKL,74,D
CDFGHJKL,77,F
CDFGHJKL,79,C
CDFGHJKL,80,K
CDFGHJKL,81,J
CDFGHJKL,82,H
CDFGHJKL,85,G
CDFGHJKL,87,L
CDFGIJKL,74,D
CDFGIJKL,77,F
CDFGIJKL,79,C
CDFGIJKL,80,K
CDFGIJKL,81,I
CDFGIJKL,82,J
CDFGIJKL,85,G
CDFGIJKL,87,L
CDFHIJKL,74,D
CDFHIJKL,77,F
CDFHIJKL,79,C
CDFHIJKL,80,K
CDFHIJKL,81,I
CDFHIJKL,82,H
CDFHIJKL,85,J
CDFHIJKL,87,L
CDGHIJKL,74,C
CDGHIJKL,77,D
CDGHIJKL,79,H
CDGHIJKL,80,K
CDGHIJKL,81,I
CDGHIJKL,82,J
CDGHIJKL,85,G
CDGHIJKL,87,L
CEFGHIJK,74,C
CEFGHIJK,77,F
CEFGHIJK,79,E
CEFGHIJK,80,K
CEFGHIJK,81,J
CEFGHIJK,82,H
CEFGHIJK,85,G
CEFGHIJK,87,I
CEFGHIJL,74,C
CEFGHIJL,77,F
CEFGHIJL,79,E
CEFGHIJL,80,I
CEFGHIJL,81,J
CEFGHIJL,82,H
CEFGHIJL,85,G
CEFGHIJL,87,L
CEFGHIKL,74,C
CEFGHIKL,77,F
CEFGHIKL,79,E
CEFGHIKL,80,K
CEFGHIKL,81,I
CEFGHIKL,82,H
CEFGHIKL,85,G
CEFGHIKL,87,L
CEFGHJKL,74,C
CEFGHJKL,77,F
CEFGHJKL,79,E
CEFGHJKL,80,K
CEFGHJKL,81,J
CEFGHJKL,82,H
CEFGHJKL,85,G
CEFGHJKL,87,L
CEFGIJKL,74,C
CEFGIJKL,77,F
CEFGIJKL,79,E
CEFGIJKL,80,K
CEFGIJKL,81,I
CEFGIJKL,82,J
CEFGIJKL,85,G
CEFGIJKL,87,L
CEFHIJKL,74,C
CEFHIJKL,77,F
CEFHIJKL,79,E
CEFHIJKL,80,K
CEFHIJKL,81,I
CEFHIJKL,82,H
CEFHIJKL,85,J
CEFHIJKL,87,L
CEGHIJKL,74,C
CEGHIJKL,77,G
CEGHIJKL,79,E
CEGHIJKL,80,K
CEGHIJKL,81,I
CEGHIJKL,82,H
CEGHIJKL,85,J
CEGHIJKL,87,L
CFGHIJKL,74,C
CFGHIJKL,77,F
CFGHIJKL,79,H
CFGHIJKL,80,K
CFGHIJKL,81,I
CFGHIJKL,82,J
CFGHIJKL,85,G
CFGHIJKL,87,L
DEFGHIJK,74,D
DEFGHIJK,77,F
DEFGHIJK,79,E
DEFGHIJK,80,K
DEFGHIJK,81,J
DEFGHIJK,82,H
DEFGHIJK,85,G
DEFGHIJK,87,I
DEFGHIJL,74,D
DEFGHIJL,77,F
DEFGHIJL,79,E
DEFGHIJL,80,I
DEFGHIJL,81,J
DEFGHIJL,82,H
DEFGHIJL,85,G
DEFGHIJL,87,L
DEFGHIKL,74,D
DEFGHIKL,77,F
DEFGHIKL,79,E
DEFGHIKL,80,K
DEFGHIKL,81,I
DEFGHIKL,82,H
DEFGHIKL,85,G
DEFGHIKL,87,L
DEFGHJKL,74,D
DEFGHJKL,77,F
DEFGHJKL,79,E
DEFGHJKL,80,K
DEFGHJKL,81,J
DEFGHJKL,82,H
DEFGHJKL,85,G
DEFGHJKL,87,L
DEFGIJKL,74,D
DEFGIJKL,77,F
DEFGIJKL,79,E
DEFGIJKL,80,K
DEFGIJKL,81,I
DEFGIJKL,82,J
DEFGIJKL,85,G
DEFGIJKL,87,L
DEFHIJKL,74,D
DEFHIJKL,77,F
DEFHIJKL,79,E
DEFHIJKL,80,K
DEFHIJKL,81,I
DEFHIJKL,82,H
DEFHIJKL,85,J
DEFHIJKL,87,L
DEGHIJKL,74,D
DEGHIJKL,77,G
DEGHIJKL,79,E
DEGHIJKL,80,K
DEGHIJKL,81,I
DEGHIJKL,82,H
DEGHIJKL,85,J
DEGHIJKL,87,L
DFGHIJKL,74,D
DFGHIJKL,77,F
DFGHIJKL,79,H
DFGHIJKL,80,K
DFGHIJKL,81,I
DFGHIJKL,82,J
DFGHIJKL,85,G
DFGHIJKL,87,L
EFGHIJKL,74,F
EFGHIJKL,77,G
EFGHIJKL,79,E
EFGHIJKL,80,K
EFGHIJKL,81,I
EFGHIJKL,82,H
EFGHIJKL,85,J
EFGHIJKL,87,L
