fifa_code,name,position,squad_number,fc26_overall,market_value_meur,season_rating_2025_26,season_rating_2024_25,season_rating_2023_24
HAI,Ugo Lopez,GK,1,69,65.29,,6.2,6.5
HAI,Samuel Dubois,CB,2,73,21.25,,6.9,7.2
HAI,André Gonzalez,CB,3,69,58.04,,6.8,6.8
HAI,Felipe Hansen,CB,4,76,55.54,,6.8,7.1
HAI,James Silva,CB,5,75,61.82,,6.8,6.9
HAI,Jan Khan,CDM,6,75,50.66,,6.7,6.6
HAI,André Petrov,ST,7,73,28.35,,6.6,6.7
HAI,Tomas Okonkwo,CM,8,70,67.81,,6.7,6.8
HAI,Samuel Eriksson,ST,9,74,83.24,,6.8,6.7
HAI,Jan Kim,CM,10,71,36.05,,6.2,6.3
HAI,Diego Petrov,CAM,11,75,64.87,,6.9,6.8
HAI,Hassan Gonzalez,LB,12,70,41.28,,6.6,6.8
HAI,Zoran Okonkwo,GK,13,68,57.02,,6.3,6.1
HAI,Zoran Santos,CM,14,69,37.92,,6.7,6.6
HAI,Mamadou Gonzalez,CB,15,69,46.69,,6.7,6.5
HAI,Ravi Hansen,CDM,16,70,48.44,,6.5,6.5
HAI,Marco Silva,LW,17,78,59.98,,6.5,6.5
HAI,Carlos Chen,ST,18,76,40.69,,6.2,6.4
HAI,Samuel Lopez,RW,19,76,72.45,,6.2,6.3
HAI,Ugo Ivanov,ST,20,76,55.62,,6.7,6.5
HAI,Ravi Lopez,LW,21,73,25.53,,6.7,6.8
HAI,Marco Hansen,RB,22,72,76.81,,6.6,6.4
HAI,Kenji Hansen,GK,23,72,20.16,,6.6,6.7
HAI,Kenji Okonkwo,RW,24,78,45.12,,6.5,6.7
HAI,Hassan Eriksson,ST,25,73,43.21,,7.0,6.8
HAI,Youssef Ivanov,CM,26,73,51.67,,6.2,6.4
USA,Matt Turner,GK,1,78,8.0,,6.7,6.6
USA,Lucas Müller,CB,2,80,60.34,,7.2,7.5
USA,Hassan Khan,CB,3,84,110.93,,7.4,7.5
USA,Kenji Ivanov,CB,4,85,45.65,,7.6,7.4
USA,Mamadou Eriksson,CB,5,88,134.83,,7.3,7.1
USA,Tyler Adams,CDM,6,80,18.0,,6.8,6.7
USA,André Santos,ST,7,87,74.85,,7.9,7.6
USA,Weston McKennie,CM,8,81,22.0,,6.9,6.8
USA,Folarin Balogun,ST,9,79,28.0,,6.7,6.6
USA,Christian Pulisic,LW,10,83,45.0,,7.0,6.9
USA,Gio Reyna,CAM,11,80,25.0,,6.8,6.7
USA,Ibrahim Brown,LB,12,82,122.13,,7.8,8.1
USA,Ibrahim Johansson,GK,13,83,132.82,,7.8,8.0
USA,Carlos Santos,CM,14,88,140.27,,7.6,7.5
USA,Ugo Kim,CB,15,86,123.32,,7.2,7.1
USA,Victor Okonkwo,CDM,16,84,114.15,,7.8,7.8
USA,André Johansson,LW,17,83,67.06,,7.1,7.0
USA,Samuel Ivanov,ST,18,86,41.72,,7.7,7.9
USA,Omar Dubois,RW,19,86,46.89,,7.5,7.4
USA,Lucas Hansen,ST,20,86,49.22,,7.6,7.4
USA,Hassan Müller,LW,21,86,60.95,,7.6,7.5
USA,Ugo Ali,RB,22,86,155.19,,7.5,7.2
USA,Tomas Khan,GK,23,79,51.67,,7.2,7.3
USA,André Müller,RW,24,83,35.56,,7.7,7.8
USA,Nikola Ivanov,ST,25,86,87.36,,7.5,7.7
USA,Diego Okonkwo,CM,26,85,60.32,,7.5,7.7
CUW,Zoran Chen,GK,1,73,36.93,,6.9,7.0
CUW,Samuel Brown,CB,2,70,18.85,,6.2,6.0
CUW,Quinn Hansen,CB,3,75,87.74,,6.5,6.4
CUW,André Santos,CB,4,69,31.41,,6.7,6.9
CUW,André Kim,CB,5,71,35.95,,6.2,5.9
CUW,Ravi Khan,CDM,6,73,66.08,,6.6,6.4
CUW,Lucas Fernandez,ST,7,77,63.95,,6.7,6.5
CUW,Marco Dubois,CM,8,72,35.56,,6.8,6.8
CUW,Diego García,ST,9,79,94.57,,6.6,6.8
CUW,Victor Hansen,CM,10,75,60.29,,6.7,6.7
CUW,Youssef Okonkwo,CAM,11,77,72.25,,6.7,6.4
CUW,Lucas García,LB,12,69,47.93,,6.4,6.6
CUW,Luis Eriksson,GK,13,70,31.61,,6.7,6.8
CUW,Youssef Hansen,CM,14,72,78.64,,6.8,6.9
CUW,Youssef Lopez,CB,15,74,66.03,,6.3,6.2
CUW,Felipe Brown,CDM,16,71,30.82,,6.5,6.7
CUW,Jan Dubois,LW,17,77,42.14,,6.2,6.3
CUW,Marco Fernandez,ST,18,77,25.88,,6.2,6.3
CUW,Victor Petrov,RW,19,74,67.53,,6.4,6.5
CUW,Samuel García,ST,20,72,75.58,,6.8,7.1
CUW,Carlos Gonzalez,LW,21,71,50.09,,6.2,6.1
CUW,Ugo Petrov,RB,22,74,41.02,,6.5,6.6
CUW,Victor Santos,GK,23,71,40.3,,6.9,7.0
CUW,James Dubois,RW,24,70,53.93,,6.9,7.1
CUW,Diego Kim,ST,25,76,91.88,,6.7,6.5
CUW,Jan Gonzalez,CM,26,68,28.94,,6.2,6.1
ECU,Willem Okonkwo,GK,1,80,89.17,,6.9,7.0
ECU,Ravi Gonzalez,CB,2,85,104.12,,7.3,7.2
ECU,Tomas Hansen,CB,3,80,87.67,,7.6,7.6
ECU,James Santos,CB,4,84,116.02,,7.6,7.6
ECU,Omar Fernandez,CB,5,85,145.72,,7.2,7.2
ECU,James Müller,CDM,6,81,115.44,,7.5,7.4
ECU,Pierre Ivanov,ST,7,86,125.03,,7.1,6.9
ECU,Felipe Johansson,CM,8,83,91.08,,7.1,7.3
ECU,Zoran Santos,ST,9,86,114.92,,7.0,6.8
ECU,Carlos Lopez,CM,10,80,48.22,,7.0,7.0
ECU,Jan Santos,CAM,11,81,56.18,,7.1,7.1
ECU,Tomas Petrov,LB,12,82,115.83,,7.4,7.2
ECU,Ibrahim Eriksson,GK,13,80,70.85,,7.7,7.5
ECU,Zoran Silva,CM,14,78,32.26,,7.3,7.3
ECU,Luis Eriksson,CB,15,82,49.07,,7.7,7.4
ECU,Willem Silva,CDM,16,85,146.31,,6.9,6.7
ECU,Ugo Santos,LW,17,86,144.71,,7.6,7.6
ECU,Ibrahim Silva,ST,18,83,115.71,,7.0,6.7
ECU,Omar Gonzalez,RW,19,87,162.79,,7.7,7.9
ECU,André Khan,ST,20,84,79.9,,7.0,7.0
ECU,Willem Eriksson,LW,21,81,62.45,,7.4,7.6
ECU,Victor Lopez,RB,22,81,53.95,,7.3,7.1
ECU,Hassan Khan,GK,23,77,50.07,,7.4,7.5
ECU,Hassan Dubois,RW,24,81,55.06,,7.0,7.1
ECU,Felipe Chen,ST,25,87,83.54,,7.0,6.8
ECU,André Kim,CM,26,81,57.1,,7.3,7.1
SWE,Youssef Gonzalez,GK,1,70,67.5,,6.5,6.6
SWE,Nikola Lopez,CB,2,76,60.18,,7.1,6.9
SWE,Lucas Kim,CB,3,74,47.63,,6.4,6.5
SWE,Jan Brown,CB,4,75,76.44,,6.8,6.6
SWE,Jan Lopez,CB,5,77,86.76,,6.7,6.4
SWE,Mamadou Hansen,CDM,6,73,69.94,,6.8,6.7
SWE,Luis Silva,ST,7,80,111.66,,7.0,7.0
SWE,Zoran Johansson,CM,8,77,71.1,,6.6,6.7
SWE,Tomas García,ST,9,77,41.79,,7.1,6.9
SWE,Marco Chen,CM,10,76,33.07,,7.2,7.3
SWE,André Kim,CAM,11,74,78.97,,6.5,6.8
SWE,Carlos Chen,LB,12,72,21.72,,6.7,6.6
SWE,Zoran Silva,GK,13,75,28.49,,7.0,7.3
SWE,Kenji Dubois,CM,14,78,88.97,,6.5,6.6
SWE,Kenji Chen,CB,15,77,101.29,,6.5,6.7
SWE,James Gonzalez,CDM,16,78,63.93,,7.0,6.8
SWE,Lucas Eriksson,LW,17,79,76.69,,6.8,6.6
SWE,Hassan Brown,ST,18,77,32.28,,6.8,6.6
SWE,James Kim,RW,19,75,25.65,,6.6,6.8
SWE,Youssef Lopez,ST,20,81,33.21,,6.6,6.3
SWE,Ugo Okonkwo,LW,21,78,102.11,,7.2,7.3
SWE,James Lopez,RB,22,76,72.16,,6.8,7.0
SWE,Ugo Johnson,GK,23,70,29.0,,6.5,6.4
SWE,Nikola Santos,RW,24,76,52.56,,6.5,6.3
SWE,Zoran Petrov,ST,25,76,78.56,,6.9,6.9
SWE,Lucas Okonkwo,CM,26,76,86.74,,6.6,6.8
KSA,Ibrahim Ivanov,GK,1,67,54.29,,6.9,6.6
KSA,Ibrahim Brown,CB,2,71,73.09,,6.6,6.8
KSA,Felipe Brown,CB,3,68,19.86,,6.3,6.2
KSA,Willem Ali,CB,4,68,39.83,,6.9,7.1
KSA,André Müller,CB,5,75,45.5,,6.2,6.0
KSA,Victor Santos,CDM,6,76,26.0,,6.8,6.8
KSA,Ugo Brown,ST,7,77,72.05,,6.8,6.7
KSA,Luis Eriksson,CM,8,75,85.35,,6.4,6.6
KSA,Kenji Khan,ST,9,75,46.82,,6.5,6.5
KSA,Quinn Hansen,CM,10,70,56.86,,6.6,6.3
KSA,André Johnson,CAM,11,75,31.46,,6.3,6.6
KSA,Luis Johnson,LB,12,72,38.94,,6.7,6.7
KSA,Ravi Ivanov,GK,13,71,69.83,,6.6,6.4
KSA,Luis Brown,CM,14,73,52.15,,6.2,6.1
KSA,Ugo Hansen,CB,15,73,71.93,,6.4,6.7
KSA,André Kim,CDM,16,71,60.38,,6.5,6.4
KSA,André Silva,LW,17,76,84.17,,6.4,6.6
KSA,Samuel Khan,ST,18,73,63.25,,6.4,6.3
KSA,Jan Gonzalez,RW,19,75,64.2,,6.3,6.3
KSA,Zoran Müller,ST,20,75,74.08,,6.6,6.7
KSA,Felipe Fernandez,LW,21,72,52.19,,6.5,6.2
KSA,Marco Johnson,RB,22,70,33.11,,6.8,6.7
KSA,Victor Kim,GK,23,68,25.16,,6.3,6.4
KSA,Ugo Ivanov,RW,24,76,40.73,,6.7,6.8
KSA,Willem Ivanov,ST,25,72,62.16,,6.8,6.5
KSA,Lucas Johansson,CM,26,75,76.42,,6.8,7.0
NOR,Felipe Hansen,GK,1,76,77.51,,7.0,6.9
NOR,Kenji Gonzalez,CB,2,81,110.94,,6.8,7.1
NOR,Willem Johnson,CB,3,80,52.44,,6.9,6.7
NOR,Lucas Johnson,CB,4,78,63.29,,6.7,6.6
NOR,Youssef Ivanov,CB,5,77,60.86,,6.9,6.7
NOR,Youssef Dubois,CDM,6,79,46.72,,6.9,7.0
NOR,André Chen,ST,7,83,102.45,,6.7,6.6
NOR,Marco Dubois,CM,8,81,109.69,,7.1,7.0
NOR,Luis Ali,ST,9,84,75.15,,6.9,6.6
NOR,Omar Müller,CM,10,76,27.83,,6.7,6.6
NOR,Zoran Chen,CAM,11,77,57.12,,7.0,7.3
NOR,Luis García,LB,12,74,28.47,,6.8,6.8
NOR,Zoran García,GK,13,74,83.43,,6.8,7.1
NOR,Luis Dubois,CM,14,78,104.41,,7.2,7.1
NOR,Pierre Dubois,CB,15,78,28.47,,6.9,7.1
NOR,Jan Hansen,CDM,16,81,54.0,,7.4,7.2
NOR,Nikola Khan,LW,17,83,76.79,,7.2,7.3
NOR,Luis Gonzalez,ST,18,78,81.02,,7.0,6.9
NOR,Luis Ivanov,RW,19,81,115.9,,6.9,6.9
NOR,Quinn García,ST,20,78,64.28,,6.7,6.8
NOR,Hassan Hansen,LW,21,78,39.69,,7.1,7.0
NOR,Lucas Khan,RB,22,75,45.5,,7.2,7.2
NOR,Ugo Gonzalez,GK,23,76,47.1,,6.8,7.1
NOR,Willem Petrov,RW,24,79,82.64,,7.0,7.1
NOR,Ibrahim Khan,ST,25,78,33.36,,7.0,6.8
NOR,Mamadou Hansen,CM,26,78,29.61,,6.8,6.6
IRQ,Jan Johnson,GK,1,67,52.56,,6.7,6.5
IRQ,Omar Lopez,CB,2,69,57.77,,6.2,6.0
IRQ,Pierre Hansen,CB,3,70,33.4,,6.6,6.7
IRQ,Tomas García,CB,4,69,21.29,,6.8,6.5
IRQ,Willem Khan,CB,5,73,32.44,,6.8,6.7
IRQ,Quinn Silva,CDM,6,76,76.55,,6.7,7.0
IRQ,Jan Gonzalez,ST,7,74,60.39,,6.6,6.4
IRQ,Samuel Kim,CM,8,68,57.59,,6.9,7.0
IRQ,Hassan Silva,ST,9,78,52.69,,6.6,6.6
IRQ,Mamadou Hansen,CM,10,71,27.16,,6.6,6.6
IRQ,Ravi Okonkwo,CAM,11,77,76.83,,6.8,6.9
IRQ,Hassan Kim,LB,12,73,69.55,,6.8,6.7
IRQ,Ravi Dubois,GK,13,72,73.39,,6.3,6.1
IRQ,Zoran Okonkwo,CM,14,76,79.18,,6.8,6.5
IRQ,Victor García,CB,15,69,58.07,,6.8,6.9
IRQ,James Santos,CDM,16,70,19.72,,6.6,6.4
IRQ,Nikola Petrov,LW,17,78,56.9,,7.0,7.1
IRQ,André Chen,ST,18,76,50.54,,6.4,6.6
IRQ,Jan Brown,RW,19,70,63.7,,6.9,7.0
IRQ,Kenji Gonzalez,ST,20,74,26.97,,6.8,6.5
IRQ,Jan Hansen,LW,21,73,23.48,,6.9,7.1
IRQ,Jan Silva,RB,22,67,50.44,,6.4,6.2
IRQ,Mamadou Santos,GK,23,71,24.78,,7.0,6.9
IRQ,Ugo Petrov,RW,24,71,50.93,,6.2,6.4
IRQ,Mamadou Eriksson,ST,25,75,77.1,,6.5,6.6
IRQ,Felipe Santos,CM,26,68,20.93,,6.5,6.4
JOR,Pierre Hansen,GK,1,72,64.86,,6.4,6.5
JOR,James Gonzalez,CB,2,69,17.28,,6.8,7.1
JOR,Samuel Lopez,CB,3,71,19.86,,6.8,6.6
JOR,Omar Fernandez,CB,4,68,61.91,,6.5,6.5
JOR,Marco García,CB,5,74,63.38,,7.0,6.7
JOR,Willem García,CDM,6,76,59.58,,6.8,6.9
JOR,Quinn Lopez,ST,7,76,71.65,,6.3,6.0
JOR,Quinn Gonzalez,CM,8,70,60.88,,6.7,6.4
JOR,Carlos García,ST,9,78,40.12,,6.2,6.2
JOR,Pierre Lopez,CM,10,75,72.41,,6.6,6.6
JOR,Diego Müller,CAM,11,77,38.42,,6.3,6.5
JOR,Carlos Ali,LB,12,68,25.88,,6.5,6.8
JOR,Luis Müller,GK,13,73,50.98,,6.9,6.7
JOR,André Dubois,CM,14,74,71.78,,6.8,7.0
JOR,James Johnson,CB,15,69,61.58,,6.8,6.6
JOR,Carlos Hansen,CDM,16,69,23.59,,6.4,6.5
JOR,Youssef Petrov,LW,17,73,34.87,,6.4,6.3
JOR,James Hansen,ST,18,75,77.14,,6.2,6.5
JOR,Felipe Silva,RW,19,77,39.32,,6.9,7.0
JOR,Pierre García,ST,20,74,32.15,,6.5,6.2
JOR,James Khan,LW,21,70,64.65,,6.9,6.9
JOR,Willem Dubois,RB,22,74,77.87,,6.8,6.7
JOR,Lucas Fernandez,GK,23,72,53.13,,6.3,6.5
JOR,Marco Johansson,RW,24,70,66.2,,6.2,6.1
JOR,Marco Khan,ST,25,75,30.81,,6.9,6.9
JOR,Lucas Santos,CM,26,70,69.81,,6.2,6.4
COD,Tomas Silva,GK,1,70,44.3,,6.4,6.1
COD,Tomas Ivanov,CB,2,69,63.12,,6.4,6.5
COD,Kenji Johnson,CB,3,72,29.16,,6.7,7.0
COD,Luis Hansen,CB,4,75,78.95,,6.3,6.1
COD,Omar Okonkwo,CB,5,70,22.81,,6.4,6.4
COD,Nikola Okonkwo,CDM,6,74,76.09,,6.4,6.4
COD,Quinn Lopez,ST,7,79,105.09,,6.5,6.4
COD,Nikola Johansson,CM,8,74,66.56,,6.5,6.6
COD,Luis García,ST,9,75,44.42,,6.9,7.2
COD,James Gonzalez,CM,10,71,59.32,,6.5,6.6
COD,Quinn Hansen,CAM,11,74,83.14,,6.4,6.3
COD,Lucas Khan,LB,12,70,66.69,,6.9,7.1
COD,Tomas Brown,GK,13,68,18.37,,6.5,6.3
COD,Quinn Okonkwo,CM,14,75,72.96,,6.9,6.8
COD,Omar García,CB,15,72,77.4,,6.3,6.1
COD,Zoran Johnson,CDM,16,76,37.73,,6.7,6.9
COD,Ugo Dubois,LW,17,77,93.39,,6.7,6.5
COD,Willem Okonkwo,ST,18,76,41.0,,6.8,6.9
COD,Quinn Eriksson,RW,19,74,39.19,,6.3,6.0
COD,Kenji Brown,ST,20,77,78.27,,6.8,7.0
COD,James Lopez,LW,21,78,27.48,,6.8,6.7
COD,Willem Petrov,RB,22,73,82.48,,6.9,6.8
COD,Youssef Petrov,GK,23,72,45.42,,6.8,6.8
COD,Ibrahim Okonkwo,RW,24,76,39.97,,6.3,6.3
COD,Kenji Müller,ST,25,73,48.77,,6.4,6.6
COD,André García,CM,26,71,65.1,,6.4,6.7
PAN,Ibrahim Ali,GK,1,76,90.25,,7.3,7.2
PAN,Luis Chen,CB,2,76,33.29,,6.8,6.5
PAN,Ravi Müller,CB,3,75,91.33,,6.8,6.9
PAN,Diego Silva,CB,4,80,105.63,,7.2,6.9
PAN,Hassan Kim,CB,5,79,101.84,,7.3,7.5
PAN,Jan García,CDM,6,76,90.89,,7.1,7.0
PAN,Ravi Ali,ST,7,80,90.15,,6.8,6.8
PAN,Hassan Eriksson,CM,8,76,91.0,,6.7,6.6
PAN,Marco Khan,ST,9,81,78.52,,6.7,6.5
PAN,Willem Hansen,CM,10,79,60.73,,6.7,6.9
PAN,Jan Silva,CAM,11,75,63.7,,6.8,7.1
PAN,Diego Eriksson,LB,12,75,41.95,,6.6,6.9
PAN,Luis Silva,GK,13,78,79.35,,6.7,6.7
PAN,Zoran Santos,CM,14,75,36.67,,6.6,6.6
PAN,Youssef Dubois,CB,15,75,26.68,,7.1,7.3
PAN,Marco Lopez,CDM,16,76,93.65,,7.3,7.5
PAN,Carlos Ali,LW,17,77,65.89,,6.8,6.9
PAN,Zoran Ali,ST,18,80,41.79,,6.9,6.6
PAN,Carlos García,RW,19,83,68.15,,6.8,7.1
PAN,Tomas Kim,ST,20,79,68.13,,7.3,7.4
PAN,Samuel Brown,LW,21,81,58.78,,7.0,6.8
PAN,Jan Hansen,RB,22,75,56.98,,6.7,6.6
PAN,Ugo Johansson,GK,23,78,83.14,,7.1,7.3
PAN,Jan Dubois,RW,24,82,100.18,,6.9,6.8
PAN,Omar Eriksson,ST,25,79,106.82,,6.9,6.8
PAN,Ravi Chen,CM,26,73,72.02,,7.2,7.0
MEX,Santiago Gimenez,CF,11,79,18.0,,,
MEX,Edson Álvarez,DM,4,81,15.0,,,
MEX,Armando González,CF,14,80,15.0,,,
MEX,Julián Quiñones,CF,16,78,14.0,,,
MEX,Johan Vásquez,CB,5,74,12.0,,,
MEX,Érik Lira,DM,6,73,12.0,,,
MEX,Obed Vargas,CM,18,64,10.0,,,
MEX,Gilberto Mora,AM,19,68,10.0,,,
MEX,Alexis Vega,LW,10,60,8.0,,,
MEX,Brian Gutiérrez,AM,26,68,8.0,,,
MEX,César Montes,CB,3,74,7.5,,,
MEX,Roberto Alvarado,RW,25,69,7.5,,,
MEX,Orbelín Pineda,CM,17,77,7.0,,,
MEX,Raúl Rangel,GK,1,72,6.5,,,
MEX,Israel Reyes,RB,15,60,6.5,,,
MEX,Álvaro Fidalgo,CM,8,65,6.0,,,
MEX,Luis Chávez,DM,24,63,6.0,,,
MEX,Mateo Chávez,LB,20,60,4.0,,,
MEX,César Huerta,LW,21,60,3.5,,,
MEX,Luis Romo,CB,7,60,3.0,,,
MEX,Raúl Jiménez,CF,9,74,3.0,,,
MEX,Carlos Acevedo,GK,12,60,2.8,,,
MEX,Jesús Gallardo,LB,23,60,2.8,,,
MEX,Jorge Sánchez,RB,2,74,2.0,,,
MEX,Guillermo Martínez,CF,22,75,1.5,,,
MEX,Guillermo Ochoa,GK,13,67,0.25,,,
RSA,Omar Marmoush,CF,22,79,50.0,,,
RSA,Mohamed Salah,RW,10,89,22.0,,,
RSA,Trezeguet,LW,7,60,4.5,,,
RSA,Emam Ashour,CM,8,60,4.0,,,
RSA,Marwan Ateya,DM,19,60,4.0,,,
RSA,Haissem Hassan,RW,12,70,3.5,,,
RSA,Zizo,RW,25,60,3.5,,,
RSA,Mohanad Lasheen,DM,17,60,3.0,,,
RSA,Mohamed Abdelmonem,CB,6,60,2.5,,,
RSA,Ibrahim Adel,LW,20,82,2.5,,,
RSA,Hossam Abdelmaguid,CB,4,60,2.0,,,
RSA,Mostafa Ziko,LW,11,60,1.8,,,
RSA,Hamdy Fathy,DM,14,60,1.8,,,
RSA,Mohamed Hany,RB,3,60,1.5,,,
RSA,Hamza Abdelkarim,CF,9,60,1.5,,,
RSA,Mahmoud Saber,CM,21,60,1.5,,,
RSA,Oufa Shobeir,GK,23,60,1.2,,,
RSA,Mohamed Alaa,GK,26,89,1.2,,,
RSA,Ahmed Fatouh,LB,13,60,1.0,,,
RSA,Nabil Dunga,DM,18,60,1.0,,,
RSA,Karim Hafez,LB,15,60,0.7,,,
RSA,Ramy Rabia,CB,5,60,0.6,,,
RSA,Mohamed El Shenawy,GK,1,60,0.5,,,
RSA,Yasser Ibrahim,CB,2,82,0.28,,,
RSA,Tarek Alaa,RB,24,60,0.25,,,
RSA,El Mahdi Soliman,GK,16,60,0.15,,,
KOR,Kang-in Lee,AM,19,60,28.0,,,
KOR,Min-jae Kim,CB,4,60,20.0,,,
KOR,Heung-min Son,LW,7,87,15.0,,,
KOR,Hyeon-gyu Oh,CF,18,60,15.0,,,
KOR,Jens Castrop,CM,23,70,10.0,,,
KOR,In-beom Hwang,DM,6,60,7.0,,,
KOR,Young-woo Seol,RB,22,60,6.5,,,
KOR,Hee-chan Hwang,CF,11,60,6.0,,,
KOR,Hyun-jun Yang,RW,20,60,5.0,,,
KOR,Jun-ho Bae,AM,17,51,4.0,,,
KOR,Han-beom Lee,CB,2,60,3.0,,,
KOR,Gue-sung Cho,CF,9,60,2.5,,,
KOR,Seung-ho Paik,CM,8,60,2.0,,,
KOR,Jae-sung Lee,AM,10,60,2.0,,,
KOR,Tae-seok Lee,LB,13,60,2.0,,,
KOR,Ji-sung Eom,LW,25,60,1.8,,,
KOR,Dong-gyeong Lee,AM,26,60,1.6,,,
KOR,Tae-hyeon Kim,CB,5,60,1.2,,,
KOR,Jin-gyu Kim,CM,24,60,1.2,,,
KOR,Bum-keun Song,GK,12,60,1.0,,,
KOR,Jin-seob Park,DM,16,79,1.0,,,
KOR,Gi-hyuk Lee,CB,3,60,0.8,,,
KOR,Moon-hwan Kim,RB,15,60,0.75,,,
KOR,Hyeon-woo Jo,GK,21,72,0.65,,,
KOR,Wi-je Cho,CB,14,60,0.55,,,
KOR,Seung-gyu Kim,GK,1,60,0.5,,,
CZE,Ladislav Krejčí,CB,7,77,22.0,,,
CZE,Pavel Sulc,AM,15,75,20.0,,,
CZE,Patrik Schick,CF,10,82,18.0,,,
CZE,Lukas Hornicek,GK,23,66,18.0,,,
CZE,Robin Hranac,CB,4,74,10.0,,,
CZE,Stepan Chaloupek,CB,6,70,10.0,,,
CZE,Adam Hlozek,CF,9,76,10.0,,,
CZE,Tomáš Souček,DM,22,79,10.0,,,
CZE,Matej Kovar,GK,1,76,8.0,,,
CZE,Lukas Provod,LW,17,74,8.0,,,
CZE,Michal Sadílek,CM,18,76,8.0,,,
CZE,David Zima,CB,2,73,7.0,,,
CZE,Lukas Cerv,CM,12,72,6.0,,,
CZE,David Jurásek,LB,14,73,5.0,,,
CZE,Mojmír Chytil,CF,13,74,4.0,,,
CZE,David Doudera,RM,21,74,3.5,,,
CZE,Hugo Sochurek,CM,25,60,3.5,,,
CZE,Denis Visinsky,AM,26,60,3.0,,,
CZE,Jan Kuchta,CF,11,75,2.7,,,
CZE,Tomas Chory,CF,19,74,2.7,,,
CZE,Vladimír Coufal,RB,5,78,2.5,,,
CZE,Alexandr Sojka,CM,24,60,2.3,,,
CZE,Jindrich Stanek,GK,16,76,2.0,,,
CZE,Tomas Holes,CB,3,76,1.0,,,
CZE,Jaroslav Zelený,CB,20,73,0.6,,,
CZE,Vladimír Darida,CM,8,60,0.38,,,
CAN,Olti Hyseni,LW,24,56,2.5,,,
CAN,Maxime Soulas,CB,12,61,2.0,,,
CAN,Tobias Sommer,DM,26,53,1.5,,,
CAN,Alexander Lyng,LW,11,60,1.2,,,
CAN,Lirim Qamili,RW,15,60,0.9,,,
CAN,Marcus Bundgaard,GK,16,60,0.85,,,
CAN,Sefer Emini,CM,7,59,0.8,,,
CAN,Magnus Jensen,CB,5,77,0.7,,,
CAN,Rasmus Vinderslev,DM,6,61,0.7,,,
CAN,Matthew Hoppe,CF,9,67,0.7,,,
CAN,Mohamed Cherif Haidara,CM,31,74,0.6,,,
CAN,Daníel Leó Grétarsson,CB,4,72,0.45,,,
CAN,Tobias Klysner,RB,20,65,0.4,,,
CAN,Rúnar Thór Sigurgeirsson,LB,21,65,0.4,,,
CAN,Ebube Duru,LB,23,60,0.35,,,
CAN,Nicolai Flø,GK,1,63,0.2,,,
CAN,Andreas Oggesen,RB,22,63,0.2,,,
CAN,Dalton Wilkins,LB,13,60,0.15,,,
CAN,Simon Wæver,RB,3,56,0.1,,,
CAN,Pachanga Kristensen,CB,19,60,0.1,,,
CAN,Benicio Peña,GK,27,68,0.05,,,
CAN,Albert Rrahmani,LW,29,80,0.05,,,
CAN,Anders Hoeg,CM,17,60,0.03,,,
CAN,Anders Bergholt,CM,28,60,0.03,,,
SUI,Johan Manzambi,CM,9,58,50.0,,,
SUI,Gregor Kobel,GK,1,88,40.0,,,
SUI,Dan Ndoye,RW,11,75,32.0,,,
SUI,Denis Zakaria,DM,6,79,25.0,,,
SUI,Ardon Jashari,DM,14,73,25.0,,,
SUI,Noah Okafor,LW,19,78,25.0,,,
SUI,Manuel Akanji,CB,5,84,17.0,,,
SUI,Breel Embolo,CF,7,77,15.0,,,
SUI,Rubén Vargas,LW,17,75,12.0,,,
SUI,Fabian Rieder,AM,22,74,12.0,,,
SUI,Aurèle Amenda,CB,24,70,10.0,,,
SUI,Luca Jaquez,CB,25,65,10.0,,,
SUI,Nico Elvedi,CB,4,76,8.0,,,
SUI,Granit Xhaka,DM,10,86,8.0,,,
SUI,Djibril Sow,CM,15,78,7.5,,,
SUI,Zeki Amdouni,CF,23,73,7.0,,,
SUI,Marvin Keller,GK,21,70,6.0,,,
SUI,Miro Muheim,LB,2,72,5.0,,,
SUI,Michel Aebischer,CM,20,76,4.0,,,
SUI,Remo Freuler,CM,8,81,3.0,,,
SUI,Yvon Mvogo,GK,12,77,2.5,,,
SUI,Eray Cömert,CB,18,73,2.5,,,
SUI,Christian Fassnacht,RW,16,71,2.0,,,
SUI,Cedric Itten,CF,26,73,1.8,,,
SUI,Ricardo Rodríguez,LB,13,77,1.4,,,
SUI,Silvan Widmer,RB,3,74,0.8,,,
BIH,Tarik Muharemović,CB,4,60,25.0,,,
BIH,Ermedin Demirovic,CF,10,79,22.0,,,
BIH,Kerim Alajbegovic,LW,19,60,22.0,,,
BIH,Amar Dedić,RB,7,73,16.0,,,
BIH,Esmir Bajraktarevic,RW,20,63,8.0,,,
BIH,Ermin Mahmic,AM,26,60,5.0,,,
BIH,Nikola Vasilj,GK,1,70,4.5,,,
BIH,Benjamin Tahirović,CM,6,70,4.5,,,
BIH,Amar Memić,RM,15,60,4.5,,,
BIH,Sead Kolasinac,CB,5,79,4.0,,,
BIH,Amir Hadziahmetovic,DM,16,74,4.0,,,
BIH,Haris Tabakovic,CF,23,73,3.5,,,
BIH,Stjepan Radeljic,CB,21,60,2.8,,,
BIH,Armin Gigovic,CM,8,67,2.5,,,
BIH,Jovo Lukić,CF,25,60,2.2,,,
BIH,Ivan Šunjić,DM,14,60,2.0,,,
BIH,Martin Zlomislic,GK,22,69,2.0,,,
BIH,Nikola Katic,CB,18,69,1.8,,,
BIH,Arjan Malic,RB,24,59,1.8,,,
BIH,Samed Bazdar,CF,9,60,1.5,,,
BIH,Ivan Basic,CM,13,60,1.5,,,
BIH,Nihad Mujakic,CB,2,60,1.2,,,
BIH,Dennis Hadzikadunic,CB,3,70,1.2,,,
BIH,Dzenis Burnic,DM,17,68,1.2,,,
BIH,Edin Dzeko,CF,11,82,1.0,,,
BIH,Mladen Jurkas,GK,12,60,0.7,,,
BRA,Vinicius Junior,LW,7,74,140.0,,,
BRA,Gabriel,CB,3,86,75.0,,,
BRA,Matheus Cunha,CF,9,79,75.0,,,
BRA,Bruno Guimarães,CM,8,85,70.0,,,
BRA,Raphinha,LW,11,84,70.0,,,
BRA,Igor Thiago,CF,25,77,65.0,,,
BRA,Rayan,RW,26,80,60.0,,,
BRA,Éderson,CM,2,88,45.0,,,
BRA,Gabriel Martinelli,LW,22,86,45.0,,,
BRA,Endrick,CF,19,77,40.0,,,
BRA,Bremer,CB,14,86,35.0,,,
BRA,Danilo,CM,18,82,32.0,,,
BRA,Lucas Paquetá,AM,20,82,32.0,,,
BRA,Marquinhos,CB,4,87,28.0,,,
BRA,Luiz Henrique,RW,21,74,24.0,,,
BRA,Roger Ibañez,CB,24,80,18.0,,,
BRA,Alisson,GK,1,89,15.0,,,
BRA,Léo Pereira,CB,15,60,12.0,,,
BRA,Fabinho,DM,17,82,12.0,,,
BRA,Ederson,GK,23,88,10.0,,,
BRA,Neymar,AM,10,87,8.0,,,
BRA,Douglas Santos,LB,16,65,7.5,,,
BRA,Casemiro,DM,5,84,6.0,,,
BRA,Danilo,CB,13,82,2.0,,,
BRA,Alex Sandro,LB,6,76,1.0,,,
BRA,Weverton,GK,12,60,0.7,,,
MAR,Amin Nabizada,AM,15,60,0.2,,,
MAR,Maziar Kouhyar,RW,11,60,0.15,,,
MAR,Rahmat Akbari,CM,8,60,0.12,,,
MAR,Omid Popalzay,AM,19,60,0.12,,,
MAR,Mahboob Hanifi,CB,4,60,0.07,,,
MAR,Amid Arezou,CB,3,60,0.05,,,
MAR,Habibulla Askar,LB,6,60,0.05,,,
MAR,Mosawer Ahadi,RW,7,60,0.05,,,
MAR,Omid Musawi,LW,10,60,0.05,,,
MAR,Elias Mansor,RB,12,60,0.05,,,
MAR,Jamshed Asekzai,CM,18,60,0.05,,,
MAR,Keyvan Mottaghian,GK,23,60,0.05,,,
MAR,Faisal Hamidi,GK,1,60,0.03,,,
MAR,Ali Reza Panahi,CM,14,60,0.03,,,
MAR,Nawid Mahbobi,LB,2,60,0.0,,,
MAR,Ahmad Shekib Mehri,CB,5,60,0.0,,,
MAR,Roman Fazi,SS,9,60,0.0,,,
MAR,Hamed Mumand,CM,13,60,0.0,,,
MAR,Sahil Sarwari,AM,16,60,0.0,,,
MAR,Yaser Safi,LW,17,60,0.0,,,
MAR,Mustafa Omarkheil,CM,20,60,0.0,,,
MAR,Ali Rayez Muradi,CB,21,60,0.0,,,
MAR,Ali Sina Hakimi,GK,22,84,0.0,,,
SCO,Scott McTominay,CM,4,78,40.0,,,
SCO,Aaron Hickey,RB,2,76,16.0,,,
SCO,Ben Gannon-Doak,RW,17,66,15.0,,,
SCO,Lewis Ferguson,CM,19,79,14.0,,,
SCO,John McGinn,CM,7,82,13.0,,,
SCO,George Hirst,CF,18,71,10.0,,,
SCO,Nathan Patterson,RB,22,71,10.0,,,
SCO,Kieran Tierney,LB,6,79,8.0,,,
SCO,Ryan Christie,CM,11,76,8.0,,,
SCO,Andrew Robertson,LB,3,85,7.0,,,
SCO,Ché Adams,CF,10,75,5.0,,,
SCO,Scott McKenna,CB,26,71,4.0,,,
SCO,Lawrence Shankland,CF,20,75,3.0,,,
SCO,Jack Hendry,CB,13,75,2.5,,,
SCO,Ross Stewart,CF,14,71,2.5,,,
SCO,John Souttar,CB,15,74,2.0,,,
SCO,Dominic Hyam,CB,16,70,2.0,,,
SCO,Findlay Curtis,LW,25,60,2.0,,,
SCO,Tyler Fletcher,CM,8,60,1.5,,,
SCO,Anthony Ralston,RB,24,71,1.5,,,
SCO,Angus Gunn,GK,1,74,1.0,,,
SCO,Lyndon Dykes,CF,9,69,0.8,,,
SCO,Liam Kelly,GK,12,66,0.8,,,
SCO,Kenny McLean,CM,23,72,0.4,,,
SCO,Grant Hanley,CB,5,71,0.2,,,
SCO,Craig Gordon,GK,21,71,0.05,,,
PAR,Yan Diomande,LW,11,60,90.0,,,
PAR,Amad Diallo,RW,15,75,45.0,,,
PAR,Ousmane Diomande,CB,2,78,42.0,,,
PAR,Bazoumana Touré,LW,24,64,40.0,,,
PAR,Ange-Yoan Bonny,CF,9,73,35.0,,,
PAR,Evan Ndicka,CB,21,77,35.0,,,
PAR,Evann Guessand,RW,22,74,25.0,,,
PAR,Wilfried Singo,RB,5,79,23.0,,,
PAR,Christ Inao Oulaï,CM,26,66,23.0,,,
PAR,Simon Adingra,LW,10,76,22.0,,,
PAR,Guéla Doué,RB,17,72,20.0,,,
PAR,Ibrahim Sangaré,DM,18,82,20.0,,,
PAR,Elye Wahi,CF,12,77,18.0,,,
PAR,Emmanuel Agbadou,CB,20,77,16.0,,,
PAR,Odilon Kossounou,CB,7,81,15.0,,,
PAR,Franck Kessié,CM,8,82,12.0,,,
PAR,Seko Fofana,CM,6,80,8.0,,,
PAR,Nicolas Pépé,RW,19,82,6.0,,,
PAR,Yahia Fofana,GK,1,81,5.0,,,
PAR,Oumar Diakité,CF,14,72,5.0,,,
PAR,Parfait Guiagon,LW,25,69,5.0,,,
PAR,Christopher Operi,LB,13,74,4.0,,,
PAR,Ghislain Konan,LB,3,60,3.0,,,
PAR,Alban Lafont,GK,23,76,3.0,,,
PAR,Mohamed Koné,GK,16,66,2.0,,,
PAR,Jean Michaël Seri,DM,4,74,0.1,,,
AUS,Alessandro Circati,CB,3,73,12.0,,,
AUS,Jordan Bos,LB,5,69,12.0,,,
AUS,Cristian Volpato,AM,20,68,10.0,,,
AUS,Mohamed Touré,CF,9,64,8.0,,,
AUS,Nestory Irankunda,RW,17,68,8.0,,,
AUS,Lucas Herrington,CB,25,60,4.5,,,
AUS,Harry Souttar,CB,19,71,3.5,,,
AUS,Aiden O'Neill,DM,13,70,3.0,,,
AUS,Cammy Devlin,CM,14,72,2.0,,,
AUS,Mathew Ryan,GK,1,78,1.8,,,
AUS,Kai Trewin,DM,15,65,1.8,,,
AUS,Connor Metcalfe,CM,8,69,1.5,,,
AUS,Cameron Burgess,CB,21,72,1.5,,,
AUS,Paul Okon-Engstler,DM,24,60,1.2,,,
AUS,Patrick Beach,GK,18,56,1.0,,,
AUS,Jackson Irvine,CM,22,74,1.0,,,
AUS,Nishan Velupillay,LW,23,64,0.65,,,
AUS,Jacob Italiano,RB,4,61,0.6,,,
AUS,Ajdin Hrustic,CM,10,69,0.6,,,
AUS,Awer Mabil,LW,11,68,0.5,,,
AUS,Paul Izzo,GK,12,69,0.5,,,
AUS,Milos Degenek,CB,2,60,0.45,,,
AUS,Tete Yengi,CF,26,75,0.45,,,
AUS,Jason Geria,RB,6,66,0.35,,,
AUS,Mathew Leckie,LW,7,73,0.3,,,
AUS,Aziz Behich,LB,16,67,0.25,,,
GER,Jamal Musiala,AM,10,87,100.0,,,
GER,Florian Wirtz,AM,17,88,100.0,,,
GER,Aleksandar Pavlovic,DM,5,73,90.0,,,
GER,Kai Havertz,CF,7,83,55.0,,,
GER,Nick Woltemade,CF,11,69,55.0,,,
GER,Nico Schlotterbeck,CB,15,85,55.0,,,
GER,Felix Nmecha,CM,23,77,50.0,,,
GER,Angelo Stiller,DM,16,78,45.0,,,
GER,Malick Thiaw,CB,24,78,45.0,,,
GER,Jamie Leweling,RW,9,74,40.0,,,
GER,Maximilian Beier,CF,14,78,40.0,,,
GER,Nathaniel Brown,LB,18,69,40.0,,,
GER,Joshua Kimmich,DM,6,86,35.0,,,
GER,Jonathan Tah,CB,4,86,28.0,,,
GER,Assan Ouédraogo,CM,25,69,28.0,,,
GER,David Raum,LB,22,81,25.0,,,
GER,Deniz Undav,CF,26,81,22.0,,,
GER,Leroy Sané,RW,19,85,20.0,,,
GER,Waldemar Anton,CB,3,81,18.0,,,
GER,Nadiem Amiri,CM,20,78,17.0,,,
GER,Leon Goretzka,CM,8,83,12.0,,,
GER,Alexander Nübel,GK,21,80,12.0,,,
GER,Antonio Rüdiger,CB,2,88,6.0,,,
GER,Manuel Neuer,GK,1,86,4.0,,,
GER,Oliver Baumann,GK,12,82,2.5,,,
GER,Pascal Groß,CM,13,81,2.5,,,
NED,Ryan Gravenberch,DM,8,78,80.0,,,
NED,Cody Gakpo,LW,11,83,60.0,,,
NED,Tijjani Reijnders,CM,14,82,50.0,,,
NED,Micky van de Ven,CB,15,82,50.0,,,
NED,Jan Paul van Hecke,CB,6,76,45.0,,,
NED,Donyell Malen,CF,18,83,45.0,,,
NED,Bart Verbruggen,GK,1,76,40.0,,,
NED,Jorrel Hato,LB,25,73,40.0,,,
NED,Frenkie de Jong,CM,21,87,35.0,,,
NED,Crysencio Summerville,LW,24,76,35.0,,,
NED,Brian Brobbey,CF,19,79,30.0,,,
NED,Robin Roefs,GK,13,66,28.0,,,
NED,Justin Kluivert,AM,7,77,25.0,,,
NED,Mats Wieffer,RB,12,80,25.0,,,
NED,Denzel Dumfries,RB,22,82,25.0,,,
NED,Quinten Timber,CM,26,79,25.0,,,
NED,Noa Lang,LW,17,79,22.0,,,
NED,Lutsharel Geertruida,RB,2,79,20.0,,,
NED,Virgil van Dijk,CB,4,89,15.0,,,
NED,Guus Til,AM,16,75,15.0,,,
NED,Teun Koopmeiners,DM,20,83,14.0,,,
NED,Nathan Aké,CB,5,84,12.0,,,
NED,Memphis Depay,CF,10,60,7.0,,,
NED,Mark Flekken,GK,23,79,6.0,,,
NED,Marten de Roon,DM,3,79,3.2,,,
NED,Wout Weghorst,CF,9,77,2.0,,,
JPN,Kaishu Sano,DM,24,68,40.0,,,
JPN,Yuito Suzuki,SS,17,68,24.0,,,
JPN,Zion Suzuki,GK,1,71,20.0,,,
JPN,Takefusa Kubo,RW,8,81,20.0,,,
JPN,Hiroki Ito,CB,21,79,18.0,,,
JPN,Ritsu Doan,RW,10,78,17.0,,,
JPN,Ayase Ueda,CF,18,74,17.0,,,
JPN,Ao Tanaka,CM,7,73,13.0,,,
JPN,Daizen Maeda,LW,11,74,13.0,,,
JPN,Keisuke Goto,CF,9,60,10.0,,,
JPN,Keito Nakamura,LW,13,74,10.0,,,
JPN,Daichi Kamada,AM,15,81,10.0,,,
JPN,Tsuyoshi Watanabe,CB,16,74,10.0,,,
JPN,Ko Itakura,CB,4,76,8.0,,,
JPN,Kento Shiogai,CF,26,60,8.0,,,
JPN,Yukinari Sugawara,RB,2,77,5.5,,,
JPN,Ayumu Seko,CB,20,66,5.0,,,
JPN,Takehiro Tomiyasu,CB,22,78,5.0,,,
JPN,Shuto Machino,CF,6,69,4.0,,,
JPN,Junnosuke Suzuki,CB,25,60,3.5,,,
JPN,Junya Ito,RW,14,78,3.0,,,
JPN,Keisuke Osako,GK,12,60,2.0,,,
JPN,Koki Ogawa,CF,19,69,2.0,,,
JPN,Tomoki Hayakawa,GK,23,60,2.0,,,
JPN,Shogo Taniguchi,CB,3,72,0.75,,,
JPN,Yuto Nagatomo,LB,5,60,0.1,,,
TUN,Eric Birkholz,CB,3,60,0.0,,,
TUN,Valentin Rode,CB,4,60,0.0,,,
TUN,Marcel Ottenbreit,RB,5,60,0.0,,,
TUN,Nico Billep,DM,6,60,0.0,,,
TUN,Danilo John,RM,7,82,0.0,,,
TUN,Julian Wallenta,CM,8,60,0.0,,,
TUN,Lucas Meyer,RW,11,62,0.0,,,
TUN,Dave Joel Kairies,GK,12,60,0.0,,,
TUN,Fiete Pillney,AM,13,60,0.0,,,
TUN,Florian Esdorf,CB,90,60,0.0,,,
TUN,Lares Kodanek,CB,15,60,0.0,,,
TUN,Eric Martin,CB,16,69,0.0,,,
TUN,Lennart Scheufler,DM,19,60,0.0,,,
TUN,Hajo Kurth,GK,20,60,0.0,,,
TUN,Luis Billep,CB,21,60,0.0,,,
TUN,Finn Jahnke,AM,22,60,0.0,,,
TUN,Henri Mura,CF,23,60,0.0,,,
TUN,Bill Willms,LB,24,60,0.0,,,
TUN,Jonas Hurtig,LW,27,60,0.0,,,
TUN,Leon Henke,RW,29,60,0.0,,,
TUN,Pascal Breier,CF,39,60,0.0,,,
TUN,Lukas Schmitt,LB,48,60,0.0,,,
TUN,Max Hauer,LW,49,60,0.0,,,
TUN,Jean Philippe Sanguinette,CM,55,74,0.0,,,
TUN,Evgeni Pataman,LW,77,60,0.0,,,
BEL,Jérémy Doku,LW,11,80,75.0,,,
BEL,Amadou Onana,DM,24,78,45.0,,,
BEL,Senne Lammens,GK,12,67,35.0,,,
BEL,Matias Fernandez-Pardo,CF,26,67,35.0,,,
BEL,Youri Tielemans,CM,8,81,30.0,,,
BEL,Charles De Ketelaere,AM,17,79,30.0,,,
BEL,Zeno Debast,CB,2,76,28.0,,,
BEL,Mike Penders,GK,13,65,25.0,,,
BEL,Diego Moreira,LM,19,68,25.0,,,
BEL,Nathan Ngoy,CB,25,67,25.0,,,
BEL,Koni De Winter,CB,16,72,23.0,,,
BEL,Maxim De Cuyper,LB,5,76,22.0,,,
BEL,Joaquin Seys,LB,18,62,20.0,,,
BEL,Alexis Saelemaekers,RM,22,78,20.0,,,
BEL,Leandro Trossard,LW,10,83,18.0,,,
BEL,Arthur Theate,CB,3,77,17.0,,,
BEL,Thibaut Courtois,GK,1,89,15.0,,,
BEL,Dodi Lukébakio,RW,14,79,15.0,,,
BEL,Nicolas Raskin,DM,23,75,12.0,,,
BEL,Kevin De Bruyne,AM,7,90,8.0,,,
BEL,Timothy Castagne,RB,21,77,8.0,,,
BEL,Romelu Lukaku,CF,9,82,6.0,,,
BEL,Hans Vanaken,AM,20,80,5.0,,,
BEL,Brandon Mechele,CB,4,75,2.8,,,
BEL,Thomas Meunier,RB,15,76,1.5,,,
BEL,Axel Witsel,DM,6,80,1.2,,,
EGY,Omar Marmoush,CF,22,79,50.0,,,
EGY,Mohamed Salah,RW,10,89,22.0,,,
EGY,Trezeguet,LW,7,60,4.5,,,
EGY,Emam Ashour,CM,8,60,4.0,,,
EGY,Marwan Ateya,DM,19,60,4.0,,,
EGY,Haissem Hassan,RW,12,70,3.5,,,
EGY,Zizo,RW,25,60,3.5,,,
EGY,Mohanad Lasheen,DM,17,60,3.0,,,
EGY,Mohamed Abdelmonem,CB,6,60,2.5,,,
EGY,Ibrahim Adel,LW,20,82,2.5,,,
EGY,Hossam Abdelmaguid,CB,4,60,2.0,,,
EGY,Mostafa Ziko,LW,11,60,1.8,,,
EGY,Hamdy Fathy,DM,14,60,1.8,,,
EGY,Mohamed Hany,RB,3,60,1.5,,,
EGY,Hamza Abdelkarim,CF,9,60,1.5,,,
EGY,Mahmoud Saber,CM,21,60,1.5,,,
EGY,Oufa Shobeir,GK,23,60,1.2,,,
EGY,Mohamed Alaa,GK,26,89,1.2,,,
EGY,Ahmed Fatouh,LB,13,60,1.0,,,
EGY,Nabil Dunga,DM,18,60,1.0,,,
EGY,Karim Hafez,LB,15,60,0.7,,,
EGY,Ramy Rabia,CB,5,60,0.6,,,
EGY,Mohamed El Shenawy,GK,1,60,0.5,,,
EGY,Yasser Ibrahim,CB,2,82,0.28,,,
EGY,Tarek Alaa,RB,24,60,0.25,,,
EGY,El Mahdi Soliman,GK,16,60,0.15,,,
IRN,Zan Vipotnik,CF,18,68,22.0,,,
IRN,Jaka Bijol,CB,6,75,20.0,,,
IRN,Jan Oblak,GK,1,88,15.0,,,
IRN,Vanja Drkusic,CB,21,60,5.0,,,
IRN,Adam Gnezda Cerin,CM,22,73,4.5,,,
IRN,Sandi Lovrić,CM,8,73,3.5,,,
IRN,David Brekalo,CB,23,70,3.5,,,
IRN,Tamar Svetlin,DM,14,60,2.5,,,
IRN,Danijel Sturm,LW,15,60,2.5,,,
IRN,David Zec,CB,17,60,2.5,,,
IRN,Svit Seslar,AM,10,60,2.2,,,
IRN,Marcel Ratnik,CB,4,60,2.0,,,
IRN,Srdjan Kuzmic,LB,5,65,2.0,,,
IRN,Adrian Zeljkovic,DM,26,70,2.0,,,
IRN,Aljosa Matko,RW,19,60,1.7,,,
IRN,Andraz Sporar,CF,9,72,1.5,,,
IRN,Tjas Begic,LW,11,65,1.5,,,
IRN,Ester Sokler,CF,25,67,1.5,,,
IRN,Tian Nai Koren,AM,24,60,1.2,,,
IRN,Matevz Vidovsek,GK,12,60,1.0,,,
IRN,Zan-Luk Leban,GK,16,60,0.8,,,
IRN,Zan Karnicnik,RB,2,60,0.7,,,
IRN,Jost Urbancic,LB,3,63,0.5,,,
IRN,Benjamin Verbic,LW,7,72,0.5,,,
IRN,Erik Janza,LB,13,73,0.4,,,
ESP,Lamine Yamal,RW,19,81,200.0,,,
ESP,Pedri,CM,20,86,150.0,,,
ESP,Pau Cubarsí,CB,22,72,80.0,,,
ESP,Martín Zubimendi,DM,18,81,75.0,,,
ESP,Dani Olmo,AM,10,84,60.0,,,
ESP,Ferran Torres,CF,7,80,50.0,,,
ESP,Rodri,DM,16,91,50.0,,,
ESP,Marc Cucurella,LB,24,82,50.0,,,
ESP,Joan García,GK,13,76,45.0,,,
ESP,Eric García,CB,4,78,40.0,,,
ESP,Álex Baena,LW,15,79,40.0,,,
ESP,Nico Williams,LW,17,85,40.0,,,
ESP,Marc Pubill,CB,2,70,35.0,,,
ESP,Pedro Porro,RB,12,83,35.0,,,
ESP,David Raya,GK,1,83,30.0,,,
ESP,Fabián Ruiz,CM,8,82,30.0,,,
ESP,Gavi,CM,9,83,30.0,,,
ESP,Yéremy Pino,RW,11,79,30.0,,,
ESP,Víctor Muñoz,LW,25,60,30.0,,,
ESP,Mikel Merino,CM,6,85,25.0,,,
ESP,Mikel Oyarzabal,CF,21,82,25.0,,,
ESP,Unai Simón,GK,23,86,22.0,,,
ESP,Alejandro Grimaldo,LB,3,86,20.0,,,
ESP,Marcos Llorente,RB,5,83,20.0,,,
ESP,Aymeric Laporte,CB,14,83,8.0,,,
ESP,Borja Iglesias,CF,26,78,2.8,,,
URU,Gleiker Mendoza,LW,7,60,3.0,,,
URU,Jan Jurcec,RB,2,60,1.5,,,
URU,Volodymyr Vilivald,CB,4,60,1.5,,,
URU,Carlos Paraco,CF,9,60,1.5,,,
URU,Yvan Dibango,LB,55,60,1.3,,,
URU,Andrusw Araujo,DM,6,60,1.2,,,
URU,Oleksandr Kemkin,GK,12,60,1.0,,,
URU,Bar Lin,RW,18,60,1.0,,,
URU,Yaroslav Shevchenko,CM,8,67,0.7,,,
URU,Ante Bekavac,LB,5,60,0.6,,,
URU,Joseph Jones,CB,15,68,0.6,,,
URU,Maksym Zaderaka,AM,94,60,0.6,,,
URU,Carlos Rojas,CB,3,60,0.4,,,
URU,Giovany Herbert,AM,10,60,0.4,,,
URU,Thiago Borges,LB,16,63,0.4,,,
URU,Oleksandr Kamenskyi,LM,21,60,0.4,,,
URU,Volodymyr Makhankov,GK,30,60,0.4,,,
URU,Assane Seck,RW,14,60,0.3,,,
URU,Volodymyr Mulyk,CF,24,60,0.2,,,
URU,Matviy Bodnar,CF,20,60,0.15,,,
URU,Bogdan Khoma,GK,1,60,0.1,,,
URU,Sami Adam,LW,11,60,0.1,,,
URU,Jhoel Maya,AM,28,60,0.1,,,
FRA,Kylian Mbappé,CF,10,91,180.0,,,
FRA,Michael Olise,RW,11,82,150.0,,,
FRA,Désiré Doué,RW,20,76,120.0,,,
FRA,Ousmane Dembélé,CF,7,86,100.0,,,
FRA,William Saliba,CB,17,87,100.0,,,
FRA,Rayan Cherki,AM,24,75,90.0,,,
FRA,Warren Zaïre-Emery,CM,18,80,80.0,,,
FRA,Dayot Upamecano,CB,4,82,70.0,,,
FRA,Aurélien Tchouaméni,DM,8,85,70.0,,,
FRA,Bradley Barcola,LW,12,80,70.0,,,
FRA,Jules Koundé,RB,5,85,60.0,,,
FRA,Manu Koné,CM,6,76,50.0,,,
FRA,Marcus Thuram,CF,9,83,50.0,,,
FRA,Maghnes Akliouche,RW,25,76,50.0,,,
FRA,Maxence Lacroix,CB,26,76,50.0,,,
FRA,Ibrahima Konaté,CB,15,83,45.0,,,
FRA,Malo Gusto,RB,2,80,35.0,,,
FRA,Jean-Philippe Mateta,CF,22,79,30.0,,,
FRA,Robin Risser,GK,23,67,30.0,,,
FRA,Mike Maignan,GK,16,87,20.0,,,
FRA,Theo Hernández,LB,19,87,20.0,,,
FRA,Adrien Rabiot,CM,14,60,18.0,,,
FRA,Lucas Hernández,LB,21,83,18.0,,,
FRA,Brice Samba,GK,1,82,7.0,,,
FRA,Lucas Digne,LB,3,79,6.0,,,
FRA,N'Golo Kanté,DM,13,85,4.0,,,
SEN,Erick Noriega,DM,8,60,5.0,,,
SEN,Marcos López,LB,4,76,4.0,,,
SEN,Oliver Sonne,RB,22,70,4.0,,,
SEN,Fabio Gruber,CB,3,64,3.0,,,
SEN,Kenji Cabrera,LW,7,60,1.6,,,
SEN,Jairo Concha,CM,17,70,1.6,,,
SEN,Renzo Garcés,CB,15,68,1.3,,,
SEN,Matías Lazo,CB,16,70,1.2,,,
SEN,Maxloren Castro,LW,20,60,1.2,,,
SEN,Adrián Ugarriza,CF,9,70,1.0,,,
SEN,Alfonso Barco,DM,2,65,0.85,,,
SEN,André Carrillo,CM,18,60,0.8,,,
SEN,Jairo Vélez,AM,11,69,0.7,,,
SEN,Matias Zegarra,LW,25,60,0.7,,,
SEN,Marco Huamán,RB,13,64,0.6,,,
SEN,Jesús Pretell,DM,6,60,0.5,,,
SEN,Adrián Quiroz,CM,14,70,0.45,,,
SEN,Rodrigo Vilca,AM,23,91,0.4,,,
SEN,Pedro Gallese,GK,1,76,0.35,,,
SEN,Matías Córdova,GK,21,60,0.35,,,
SEN,Alejandro Duarte,GK,12,60,0.33,,,
SEN,Bassco Soyer,LW,24,60,0.25,,,
SEN,Yoshimar Yotún,CM,19,60,0.23,,,
SEN,Jhonny Vidales,CF,27,60,0.23,,,
ARG,Julián Alvarez,CF,9,84,100.0,,,
ARG,Enzo Fernández,CM,24,82,90.0,,,
ARG,Lautaro Martínez,CF,22,89,85.0,,,
ARG,Nico Paz,AM,18,69,80.0,,,
ARG,Alexis Mac Allister,CM,20,86,70.0,,,
ARG,Cristian Romero,CB,13,84,45.0,,,
ARG,Lisandro Martínez,CB,6,89,40.0,,,
ARG,Valentín Barco,CM,8,73,40.0,,,
ARG,Giuliano Simeone,RW,17,77,40.0,,,
ARG,Marcos Senesi,CB,2,78,25.0,,,
ARG,Exequiel Palacios,CM,14,84,25.0,,,
ARG,Flaco López,CF,21,60,25.0,,,
ARG,Nico González,LW,15,80,22.0,,,
ARG,Facundo Medina,CB,25,80,18.0,,,
ARG,Lionel Messi,RW,10,88,15.0,,,
ARG,Thiago Almada,LW,16,63,15.0,,,
ARG,Nahuel Molina,RB,26,82,15.0,,,
ARG,Rodrigo De Paul,CM,7,84,14.0,,,
ARG,Emiliano Martínez,GK,23,87,12.0,,,
ARG,Giovani Lo Celso,AM,11,80,8.0,,,
ARG,Gerónimo Rulli,GK,12,79,6.0,,,
ARG,Leandro Paredes,DM,5,78,5.0,,,
ARG,Gonzalo Montiel,RB,4,76,4.5,,,
ARG,Nicolás Tagliafico,LB,3,78,4.0,,,
ARG,Juan Musso,GK,1,79,3.0,,,
ARG,Nicolás Otamendi,CB,19,81,1.0,,,
ALG,Ibrahim Maza,AM,22,82,45.0,,,
ALG,Rayan Aït-Nouri,LB,15,79,40.0,,,
ALG,Amine Gouiri,CF,9,78,28.0,,,
ALG,Anis Hadj Moussa,RW,11,67,23.0,,,
ALG,Mohamed Amoura,CF,18,75,20.0,,,
ALG,Farès Chaïbi,AM,10,77,15.0,,,
ALG,Hicham Boudaoui,CM,14,76,12.0,,,
ALG,Houssem Aouar,AM,8,75,8.0,,,
ALG,Farès Ghedjemis,RW,25,60,7.5,,,
ALG,Jaouen Hadjam,LB,13,68,7.0,,,
ALG,Rafik Belghali,RB,17,65,7.0,,,
ALG,Ramy Bensebaini,CB,21,78,7.0,,,
ALG,Yassine Titraoui,CM,24,65,7.0,,,
ALG,Ramiz Zerrouki,DM,6,75,6.5,,,
ALG,Riyad Mahrez,RW,7,85,5.0,,,
ALG,Nabil Bentaleb,DM,19,78,4.5,,,
ALG,Adil Boulbina,LW,20,60,3.0,,,
ALG,Samir Chergui,CB,26,67,3.0,,,
ALG,Zineddine Belaid,CB,5,67,1.8,,,
ALG,Mohamed Amine Tougai,CB,4,60,1.3,,,
ALG,Nadhir Benbouali,CF,12,60,1.2,,,
ALG,Aïssa Mandi,CB,2,76,1.0,,,
ALG,Achref Abada,CB,3,60,1.0,,,
ALG,Luca Zidane,GK,23,70,1.0,,,
ALG,Oussama Benbout,GK,16,60,0.85,,,
ALG,Melvin Mastil,GK,1,60,0.25,,,
AUT,Konrad Laimer,RB,20,83,32.0,,,
AUT,Nicolas Seiwald,DM,6,77,25.0,,,
AUT,Paul Wanner,CM,24,68,22.0,,,
AUT,David Affengruber,CB,2,60,20.0,,,
AUT,Kevin Danso,CB,3,80,20.0,,,
AUT,Carney Chukwuemeka,CM,17,72,20.0,,,
AUT,Romano Schmid,AM,18,75,15.0,,,
AUT,Patrick Wimmer,RW,21,77,12.0,,,
AUT,Xaver Schlager,CM,4,81,10.0,,,
AUT,Philipp Lienhart,CB,15,79,10.0,,,
AUT,Marco Friedl,CB,23,75,10.0,,,
AUT,Alexander Prass,LM,22,74,9.0,,,
AUT,Stefan Posch,CB,5,78,6.0,,,
AUT,Marcel Sabitzer,CM,9,84,6.0,,,
AUT,Sasa Kalajdzic,CF,14,77,4.0,,,
AUT,Michael Svoboda,CB,25,69,3.5,,,
AUT,David Alaba,CB,8,85,3.0,,,
AUT,Dejan Ljubicic,DM,19,74,3.0,,,
AUT,Florian Grillitsch,DM,10,74,2.5,,,
AUT,Florian Wiegele,GK,12,60,2.2,,,
AUT,Patrick Pentz,GK,13,74,2.2,,,
AUT,Alexander Schlager,GK,1,74,2.0,,,
AUT,Marko Arnautovic,CF,7,80,2.0,,,
AUT,Michael Gregoritsch,CF,11,78,1.5,,,
AUT,Phillipp Mwene,LB,16,74,1.5,,,
AUT,Alessandro Schöpf,CM,26,68,0.8,,,
POR,Gianluigi Donnarumma,GK,1,89,45.0,,,
POR,Pio Esposito,CF,9,66,45.0,,,
POR,Niccolò Pisilli,CM,21,65,30.0,,,
POR,Honest Ahanor,CB,24,60,30.0,,,
POR,Davide Bartesaghi,LB,3,60,22.0,,,
POR,Cher Ndour,CM,10,69,20.0,,,
POR,Pietro Comuzzo,CB,15,60,18.0,,,
POR,Jeff Ekhator,CF,18,60,18.0,,,
POR,Francesco Camarda,CF,8,73,15.0,,,
POR,Samuele Inácio,SS,19,75,15.0,,,
POR,Luca Reggiani,CB,13,60,10.0,,,
POR,Luca Lipani,DM,5,66,7.5,,,
POR,Luca Koleosho,RW,11,73,6.0,,,
POR,Tommaso Berti,AM,14,60,5.5,,,
POR,Alessio Cacciamani,LW,7,60,4.5,,,
POR,Giacomo Faticanti,DM,16,60,4.5,,,
POR,Costantino Favasuli,RM,22,64,4.0,,,
POR,Lorenzo Palmisani,GK,23,82,4.0,,,
POR,Giovanni Daffara,GK,12,60,3.5,,,
POR,Matteo Dagasso,CM,20,60,3.5,,,
POR,Fabio Chiarodia,CB,4,64,3.0,,,
POR,Filippo Mane,CB,6,60,2.5,,,
POR,Seydou Fini,RW,17,60,2.5,,,
COL,Hussein Zein,RB,6,60,0.35,,,
COL,Mostafa Matar,GK,21,73,0.35,,,
COL,Khalil Khamis,CB,3,60,0.33,,,
COL,Karim Darwiche,CF,7,60,0.33,,,
COL,Jihad Ayoub,DM,15,60,0.33,,,
COL,Walid Shour,DM,16,63,0.33,,,
COL,Ali Sabeh,GK,23,60,0.33,,,
COL,Ahmad Kheir El-Dine,CM,13,60,0.3,,,
COL,Ali El-Fadl,AM,2,60,0.25,,,
COL,Hasan Farhat,CB,22,60,0.25,,,
COL,Nassar Nassar,RB,5,60,0.23,,,
COL,Ali Tneich,CM,8,60,0.23,,,
COL,Mohamad Haidar,AM,10,60,0.23,,,
COL,Hasan Srour,CM,12,60,0.23,,,
COL,Ali Al-Haj,LW,17,60,0.23,,,
COL,Kassem El Zein,CB,18,60,0.23,,,
COL,Jimmy Kazan,RW,20,60,0.2,,,
COL,Gabriel Bitar,AM,14,86,0.17,,,
COL,Austin Ayoubi,LW,19,60,0.17,,,
COL,Mehdi Khalil,GK,1,60,0.15,,,
COL,Omar Bugiel,CF,9,64,0.15,,,
COL,Leonardo Farah Shahin,CF,11,75,0.15,,,
COL,Pedro Budib,CB,4,76,0.07,,,
ENG,Jude Bellingham,AM,10,90,130.0,,,
ENG,Declan Rice,CM,4,87,120.0,,,
ENG,Bukayo Saka,RW,7,87,110.0,,,
ENG,Morgan Rogers,AM,17,75,90.0,,,
ENG,Elliot Anderson,CM,8,75,75.0,,,
ENG,Nico O'Reilly,LB,3,60,70.0,,,
ENG,Marc Guéhi,CB,6,81,70.0,,,
ENG,Kobbie Mainoo,CM,16,77,70.0,,,
ENG,Anthony Gordon,LW,18,82,65.0,,,
ENG,Eberechi Eze,AM,21,81,65.0,,,
ENG,Harry Kane,CF,9,90,60.0,,,
ENG,Reece James,RB,24,82,60.0,,,
ENG,Noni Madueke,RW,20,78,50.0,,,
ENG,Jarell Quansah,CB,26,75,45.0,,,
ENG,Ezri Konsa,CB,2,81,40.0,,,
ENG,Marcus Rashford,LW,11,81,40.0,,,
ENG,Trevoh Chalobah,CB,12,78,40.0,,,
ENG,Djed Spence,LB,25,72,30.0,,,
ENG,Dean Henderson,GK,13,79,28.0,,,
ENG,Ollie Watkins,CF,19,85,25.0,,,
ENG,James Trafford,GK,23,73,25.0,,,
ENG,Ivan Toney,CF,22,80,20.0,,,
ENG,Jordan Pickford,GK,1,83,13.0,,,
ENG,John Stones,CB,5,85,12.0,,,
ENG,Dan Burn,CB,15,78,4.0,,,
ENG,Jordan Henderson,DM,14,80,1.2,,,
CRO,Josko Gvardiol,CB,4,83,70.0,,,
CRO,Luka Vuskovic,CB,22,64,60.0,,,
CRO,Josip Stanisic,RB,2,77,40.0,,,
CRO,Petar Sučić,CM,17,70,40.0,,,
CRO,Martin Baturina,AM,16,76,30.0,,,
CRO,Igor Matanovic,CF,20,71,22.0,,,
CRO,Josip Sutalo,CB,6,77,12.0,,,
CRO,Petar Musa,CF,26,76,12.0,,,
CRO,Mateo Kovacic,CM,8,83,10.0,,,
CRO,Nikola Vlašić,AM,13,79,10.0,,,
CRO,Luka Sucic,CM,21,74,10.0,,,
CRO,Toni Fruk,AM,19,60,9.0,,,
CRO,Nikola Moro,DM,7,75,7.0,,,
CRO,Marin Pongracic,CB,3,75,6.5,,,
CRO,Marco Pašalić,RW,24,80,6.5,,,
CRO,Mario Pašalić,CM,15,80,6.0,,,
CRO,Kristijan Jakic,DM,18,75,6.0,,,
CRO,Dominik Kotarski,GK,23,76,5.0,,,
CRO,Ivor Pandur,GK,12,70,4.5,,,
CRO,Dominik Livakovic,GK,1,80,4.0,,,
CRO,Martin Erlić,CB,25,72,4.0,,,
CRO,Luka Modrić,CM,10,86,3.5,,,
CRO,Duje Caleta-Car,CB,5,75,2.8,,,
CRO,Ante Budimir,CF,11,78,2.8,,,
CRO,Andrej Kramaric,AM,9,81,2.5,,,
CRO,Ivan Perišić,LW,14,60,1.2,,,
GHA,Erling Haaland,CF,9,91,200.0,,,
GHA,Martin Ødegaard,AM,10,89,65.0,,,
GHA,Jørgen Strand Larsen,CF,11,75,40.0,,,
GHA,Antonio Nusa,LW,20,72,32.0,,,
GHA,Andreas Schjelderup,LW,21,72,30.0,,,
GHA,Oscar Bobb,RW,22,78,28.0,,,
GHA,Sander Berge,DM,8,76,25.0,,,
GHA,Julian Ryerson,RB,26,79,25.0,,,
GHA,Kristoffer Ajer,CB,3,76,18.0,,,
GHA,Alexander Sørloth,CF,7,82,18.0,,,
GHA,Fredrik Aursnes,CM,14,81,15.0,,,
GHA,Leo Østigård,CB,4,72,13.0,,,
GHA,Torbjørn Heggem,CB,17,65,13.0,,,
GHA,Kristian Thorstvedt,CM,18,73,12.0,,,
GHA,Jens Petter Hauge,LW,23,71,12.0,,,
GHA,David Møller Wolfe,LB,5,70,8.0,,,
GHA,Patrick Berg,DM,6,77,8.0,,,
GHA,Henrik Falchener,CB,25,60,6.0,,,
GHA,Sondre Langås,CB,24,64,4.0,,,
GHA,Fredrik Bjørkan,LB,15,81,3.5,,,
GHA,Marcus Pedersen,RB,16,73,3.5,,,
GHA,Sander Tangvik,GK,12,65,3.0,,,
GHA,Morten Thorsby,CM,2,72,2.8,,,
GHA,Thelo Aasgaard,AM,19,66,2.8,,,
GHA,Egil Selvik,GK,13,69,1.5,,,
GHA,Ørjan Nyland,GK,1,76,0.8,,,
